name,kind,defined_at,type,code_default,ui_fallback,live_value,origin,readers,controls,label_guide_match,status
ai_config.coin_source,strategy,store/strategy.go:733,CoinSourceConfig,(object),(children),(object),—,—,(container — see child rows),n/a (container),LIVE
ai_config.coin_source.ai500_limit,strategy,store/strategy.go:1915,int,3,Studio CoinSourceEditor control,3,O,agent/central_brain.go:1159; agent/skill_execution_handlers.go:928; agent/skill_management_handlers.go:1237; agent/skill_management_handlers.go:1244; agent/skill_management_handlers.go:1645; agent/tools.go:3614; api/handler_user.go:435; kernel/engine.go:485; +11 more; ,strategy field (ai_config.coin_source.ai500_limit),"no (Studio only, no guide)",LIVE
ai_config.coin_source.excluded_coins,strategy,store/strategy.go:1911,[]string,[],Studio CoinSourceEditor control,(absent → code default),default,agent/central_brain.go:1158; agent/skill_execution_handlers.go:920; agent/skill_management_handlers.go:1253; agent/skill_management_handlers.go:1254; agent/skill_management_handlers.go:1656; agent/skill_management_handlers.go:1657; agent/tools.go:3623; kernel/engine.go:650; +2 more; ,strategy field (ai_config.coin_source.excluded_coins),"no (Studio only, no guide)",LIVE
ai_config.coin_source.hyper_main_limit,strategy,store/strategy.go:1929,int,0,Studio CoinSourceEditor control,(absent → code default),default,agent/tools.go:3621; kernel/engine.go:564; kernel/engine.go:616; kernel/engine.go:527,strategy field (ai_config.coin_source.hyper_main_limit),"n/a (no Studio control, no guide)",LIVE
ai_config.coin_source.oi_low_limit,strategy,store/strategy.go:1923,int,3,Studio CoinSourceEditor control,3,O,agent/central_brain.go:1161; agent/skill_execution_handlers.go:944; agent/skill_management_handlers.go:1241; agent/skill_management_handlers.go:1250; agent/skill_management_handlers.go:1651; agent/tools.go:3618; kernel/engine.go:525; kernel/engine.go:594; +7 more; ,strategy field (ai_config.coin_source.oi_low_limit),"no (Studio only, no guide)",LIVE
ai_config.coin_source.oi_top_limit,strategy,store/strategy.go:1919,int,3,Studio CoinSourceEditor control,3,O,agent/central_brain.go:1160; agent/skill_execution_handlers.go:936; agent/skill_management_handlers.go:1239; agent/skill_management_handlers.go:1247; agent/skill_management_handlers.go:1648; agent/tools.go:3616; api/handler_user.go:437; kernel/engine.go:505; +8 more; ,strategy field (ai_config.coin_source.oi_top_limit),"no (Studio only, no guide)",LIVE
ai_config.coin_source.source_type,strategy,store/strategy.go:1907,string,"""ai500""",Studio CoinSourceEditor control,"""static""",O,agent/central_brain.go:1156; agent/skill_execution_handlers.go:916; agent/skill_management_handlers.go:661; agent/skill_management_handlers.go:1147; agent/skill_management_handlers.go:1232; agent/skill_management_handlers.go:1641; agent/skill_management_handlers.go:1642; agent/skill_management_handlers.go:2491; +21 more; ,strategy field (ai_config.coin_source.source_type),"no (Studio only, no guide)",LIVE
ai_config.coin_source.static_coins,strategy,store/strategy.go:1909,[]string,[],Studio CoinSourceEditor control,"[""MNQ""]",O,agent/central_brain.go:1157; agent/skill_execution_handlers.go:918; agent/skill_management_handlers.go:1235; agent/skill_management_handlers.go:1653; agent/skill_management_handlers.go:1654; agent/tools.go:3622; api/strategy.go:608; api/strategy.go:609; +20 more; ,symbols traded by the strategy (live [MNQ]),"no (Studio only, no guide)",LIVE
ai_config.coin_source.use_ai500,strategy,store/strategy.go:1913,bool,true,Studio CoinSourceEditor control,false,O,agent/skill_execution_handlers.go:922; agent/skill_management_handlers.go:1243; agent/skill_management_handlers.go:1644; agent/tools.go:2416; agent/tools.go:2488; agent/tools.go:3613; api/handler_order.go:107; api/handler_trader.go:42; +14 more; ,strategy field (ai_config.coin_source.use_ai500),"no (Studio only, no guide)",LIVE
ai_config.coin_source.use_hyper_all,strategy,store/strategy.go:1925,bool,false,Studio CoinSourceEditor control,false,O,agent/tools.go:3619; kernel/engine.go:534; kernel/engine.go:604; store/strategy.go:2517; kernel/engine.go:497,strategy field (ai_config.coin_source.use_hyper_all),"n/a (no Studio control, no guide)",LIVE
ai_config.coin_source.use_hyper_main,strategy,store/strategy.go:1927,bool,false,Studio CoinSourceEditor control,false,O,agent/tools.go:3620; kernel/engine.go:553; kernel/engine.go:615; store/strategy.go:2517; kernel/engine.go:516,strategy field (ai_config.coin_source.use_hyper_main),"n/a (no Studio control, no guide)",LIVE
ai_config.coin_source.use_oi_low,strategy,store/strategy.go:1921,bool,false,Studio CoinSourceEditor control,false,O,agent/skill_execution_handlers.go:938; agent/skill_management_handlers.go:1249; agent/skill_management_handlers.go:1650; agent/tools.go:3617; kernel/engine.go:514; kernel/engine.go:593; store/strategy.go:242; store/strategy.go:249; +5 more; ,strategy field (ai_config.coin_source.use_oi_low),"no (Studio only, no guide)",LIVE
ai_config.coin_source.use_oi_top,strategy,store/strategy.go:1917,bool,false,Studio CoinSourceEditor control,false,O,agent/skill_execution_handlers.go:930; agent/skill_management_handlers.go:1246; agent/skill_management_handlers.go:1647; agent/tools.go:2417; agent/tools.go:2489; agent/tools.go:3615; api/handler_order.go:108; api/handler_trader.go:43; +14 more; ,strategy field (ai_config.coin_source.use_oi_top),"no (Studio only, no guide)",LIVE
ai_config.custom_prompt,strategy,store/strategy.go:735,string,"""""",no control,"""No trade inside sideway zone becareful \nal…",O,agent/central_brain.go:1188; agent/skill_execution_handlers.go:1067; agent/skill_execution_handlers.go:2524; agent/skill_management_handlers.go:1172; agent/skill_management_handlers.go:1709; agent/tools.go:2418; agent/tools.go:2490; api/handler_order.go:104; +23 more; ,strategy field (ai_config.custom_prompt),"no (guide only, no Studio control)",LIVE
ai_config.indicators,strategy,store/strategy.go:734,IndicatorConfig,(object),(children),(object),—,—,(container — see child rows),n/a (container),LIVE
ai_config.indicators.atr_periods,strategy,store/strategy.go:1954,[]int,[14],Studio IndicatorEditor control,[14],O,agent/skill_execution_handlers.go:1001; api/strategy.go:710; kernel/engine_analysis.go:816; kernel/engine_prompt.go:243; kernel/engine_prompt.go:244; store/indicator_fingerprint.go:44; store/strategy.go:111; store/strategy.go:2207; +1 more; ,strategy field (ai_config.indicators.atr_periods),"no (Studio only, no guide)",LIVE
ai_config.indicators.boll_periods,strategy,store/strategy.go:1956,[]int,[20],Studio IndicatorEditor control,[20],O,agent/skill_execution_handlers.go:1003; api/strategy.go:711; kernel/engine_analysis.go:817; kernel/engine_prompt.go:251; kernel/engine_prompt.go:252; store/indicator_fingerprint.go:44; store/strategy.go:112; store/strategy.go:2208; +1 more; ,strategy field (ai_config.indicators.boll_periods),"no (Studio only, no guide)",LIVE
ai_config.indicators.ema_periods,strategy,store/strategy.go:1950,[]int,"[20, 50]",Studio IndicatorEditor control,"[50, 200]",O,agent/skill_execution_handlers.go:997; api/strategy.go:708; kernel/engine_analysis.go:814; kernel/engine_prompt.go:223; kernel/engine_prompt.go:224; store/indicator_fingerprint.go:44; store/strategy.go:109; store/strategy.go:2205; +1 more; ,strategy field (ai_config.indicators.ema_periods),"no (Studio only, no guide)",LIVE
ai_config.indicators.enable_atr,strategy,store/strategy.go:1943,bool,false,Studio IndicatorEditor control,true,O,kernel/engine_prompt.go:241,ATR block on/off (14) — feeds stop/anchor sizing,"no (Studio only, no guide)",LIVE
ai_config.indicators.enable_boll,strategy,store/strategy.go:1944,bool,false,Studio IndicatorEditor control,false,O,kernel/engine_prompt.go:249,Bollinger band block on/off (OFF live),"no (Studio only, no guide)",LIVE
ai_config.indicators.enable_ema,strategy,store/strategy.go:1940,bool,false,Studio IndicatorEditor control,true,O,kernel/engine_prompt.go:221,EMA indicator block on/off (50/200 periods stored),"no (Studio only, no guide)",LIVE
ai_config.indicators.enable_funding_rate,strategy,store/strategy.go:1947,bool,true,Studio IndicatorEditor control,true,O,kernel/engine_prompt.go:265,funding-rate block on/off,"no (Studio only, no guide)",LIVE
ai_config.indicators.enable_macd,strategy,store/strategy.go:1941,bool,false,Studio IndicatorEditor control,false,O,kernel/engine_prompt.go:229,MACD block on/off (OFF live),"no (Studio only, no guide)",LIVE
ai_config.indicators.enable_netflow_ranking,strategy,store/strategy.go:1975,bool,true,Studio IndicatorEditor control,false,O,kernel/engine.go:966,strategy field (ai_config.indicators.enable_netflow_ranking),"no (Studio only, no guide)",LIVE
ai_config.indicators.enable_oi,strategy,store/strategy.go:1946,bool,true,Studio IndicatorEditor control,false,O,kernel/engine_prompt.go:261,open-interest block on/off (OFF live),"no (Studio only, no guide)",LIVE
ai_config.indicators.enable_oi_ranking,strategy,store/strategy.go:1970,bool,true,Studio IndicatorEditor control,false,O,kernel/engine.go:935,strategy field (ai_config.indicators.enable_oi_ranking),"no (Studio only, no guide)",LIVE
ai_config.indicators.enable_price_ranking,strategy,store/strategy.go:1980,bool,true,Studio IndicatorEditor control,false,O,kernel/engine.go:998,rankings block on/off (OFF live),"no (Studio only, no guide)",LIVE
ai_config.indicators.enable_quant_data,strategy,store/strategy.go:1965,bool,true,Studio IndicatorEditor control,false,O,kernel/engine_prompt.go:276,quant analysis block on/off (OFF live),"no (Studio only, no guide)",LIVE
ai_config.indicators.enable_quant_netflow,strategy,store/strategy.go:1967,bool,true,Studio IndicatorEditor control,false,O,kernel/engine_prompt.go:965,strategy field (ai_config.indicators.enable_quant_netflow),"no (Studio only, no guide)",LIVE
ai_config.indicators.enable_quant_oi,strategy,store/strategy.go:1966,bool,true,Studio IndicatorEditor control,false,O,kernel/engine_prompt.go:965,strategy field (ai_config.indicators.enable_quant_oi),"no (Studio only, no guide)",LIVE
ai_config.indicators.enable_raw_klines,strategy,store/strategy.go:1938,bool,true,Studio IndicatorEditor control,true,O,agent/skill_management_handlers.go:1197,raw price bars on/off,"no (Studio only, no guide)",LIVE
ai_config.indicators.enable_rsi,strategy,store/strategy.go:1942,bool,false,Studio IndicatorEditor control,true,O,kernel/engine_prompt.go:233,RSI block on/off (14),"no (Studio only, no guide)",LIVE
ai_config.indicators.enable_svp,strategy,store/strategy.go:1948,bool,false,Studio IndicatorEditor control,true,O,kernel/engine_analysis.go:328,session-volume-profile block on/off,"no (Studio only, no guide)",LIVE
ai_config.indicators.enable_volume,strategy,store/strategy.go:1945,bool,true,Studio IndicatorEditor control,true,O,kernel/engine_prompt.go:257,volume profile block on/off,"no (Studio only, no guide)",LIVE
ai_config.indicators.external_data_sources,strategy,store/strategy.go:1958,[]ExternalDataSource,(object),(children),(object),—,—,(container — see child rows),n/a (container),LIVE
ai_config.indicators.external_data_sources.data_path,strategy,store/strategy.go:2008,string,"""""",Studio IndicatorEditor control,(absent → code default),default,kernel/engine.go:852; kernel/engine.go:853; kernel/engine.go:815,child of external_data_sources — zero engine consumers (FetchExternalData has no production caller),"n/a (no Studio control, no guide)",DEAD
ai_config.indicators.external_data_sources.headers,strategy,store/strategy.go:2007,map[string]string,{},Studio IndicatorEditor control,(absent → code default),default,api/handler_updates.go:62; api/server.go:98; kernel/engine.go:832; kernel/engine.go:795,child of external_data_sources — zero engine consumers (FetchExternalData has no production caller),"no (Studio only, no guide)",DEAD
ai_config.indicators.external_data_sources.method,strategy,store/strategy.go:2006,string,"""""",Studio IndicatorEditor control,(absent → code default),default,agent/tools.go:3017; agent/tools.go:3332; agent/web.go:83; agent/web.go:127; api/credential_guard.go:238; api/handler_plan.go:116; api/handler_plan.go:117; api/handler_plan_order_truth.go:73; +46 more; ,child of external_data_sources — zero engine consumers (FetchExternalData has no production caller),yes,DEAD
ai_config.indicators.external_data_sources.name,strategy,store/strategy.go:2003,string,"""""",Studio IndicatorEditor control,(absent → code default),default,agent/agent.go:796; agent/agent.go:874; agent/atomic_skill_executor.go:6; agent/atomic_skill_executor.go:10; agent/atomic_skill_executor.go:12; agent/atomic_skill_executor.go:65; agent/atomic_skill_executor.go:73; agent/central_brain.go:621; +884 more; ,child of external_data_sources — zero engine consumers (FetchExternalData has no production caller),yes,DEAD
ai_config.indicators.external_data_sources.refresh_secs,strategy,store/strategy.go:2009,int,0,Studio IndicatorEditor control,(absent → code default),default,kernel/engine.go:819; kernel/engine.go:782,child of external_data_sources — zero engine consumers (FetchExternalData has no production caller),"n/a (no Studio control, no guide)",DEAD
ai_config.indicators.external_data_sources.type,strategy,store/strategy.go:2004,string,"""""",Studio IndicatorEditor control,(absent → code default),default,agent/brain.go:52; agent/execution_state.go:71; agent/execution_state.go:376; agent/planner_runtime.go:55; agent/planner_runtime.go:2800; agent/planner_runtime.go:3055; agent/planner_runtime.go:3092; agent/planner_runtime.go:3203; +305 more; ,child of external_data_sources — zero engine consumers (FetchExternalData has no production caller),yes,DEAD
ai_config.indicators.external_data_sources.url,strategy,store/strategy.go:2005,string,"""""",Studio IndicatorEditor control,(absent → code default),default,agent/agent.go:983; agent/brain.go:110; agent/brain.go:124; agent/brain.go:127; agent/brain.go:128; agent/brain.go:165; agent/config_validation.go:61; agent/config_validation.go:294; +98 more; ,child of external_data_sources — zero engine consumers (FetchExternalData has no production caller),"no (Studio only, no guide)",DEAD
ai_config.indicators.klines,strategy,store/strategy.go:1936,KlineConfig,(object),(children),(object),—,—,(container — see child rows),n/a (container),LIVE
ai_config.indicators.klines.enable_multi_timeframe,strategy,store/strategy.go:1996,bool,true,Studio IndicatorEditor control,true,O,kernel/engine_prompt.go:209,strategy field (ai_config.indicators.klines.enable_multi_timeframe),"no (Studio only, no guide)",LIVE
ai_config.indicators.klines.longer_count,strategy,store/strategy.go:1994,int,10,Studio IndicatorEditor control,10,O,store/indicator_fingerprint.go:38; store/indicator_fingerprint.go:46; store/strategy.go:147; store/strategy.go:148; store/strategy.go:2192; store/strategy.go:2532; store/strategy.go:2533,"no consumer found by a FIELD grep on 2026-09-03 (grep -rn "".<Field>\b"" kernel trader api agent provider). A ME","n/a (no Studio control, no guide)",LIVE
ai_config.indicators.klines.longer_timeframe,strategy,store/strategy.go:1992,string,"""4h""",Studio IndicatorEditor control,"""4h""",O,agent/skill_management_handlers.go:1662; api/strategy.go:690; api/strategy.go:691; kernel/engine_analysis.go:798; kernel/engine_analysis.go:799; kernel/engine_prompt.go:210; kernel/engine_prompt.go:792; store/indicator_fingerprint.go:46; +6 more; ,strategy field (ai_config.indicators.klines.longer_timeframe),"n/a (no Studio control, no guide)",LIVE
ai_config.indicators.klines.primary_count,strategy,store/strategy.go:1990,int,20,Studio IndicatorEditor control,20,O,agent/central_brain.go:1166; agent/skill_execution_handlers.go:991; agent/skill_management_handlers.go:1152; api/strategy.go:680; kernel/engine_analysis.go:789; store/indicator_fingerprint.go:36; store/indicator_fingerprint.go:45; store/strategy.go:141; +10 more; ,strategy field (ai_config.indicators.klines.primary_count),"no (Studio only, no guide)",LIVE
ai_config.indicators.klines.primary_timeframe,strategy,store/strategy.go:1988,string,"""5m""",Studio IndicatorEditor control,"""5m""",O,agent/central_brain.go:1165; agent/skill_execution_handlers.go:985; agent/skill_management_handlers.go:1151; agent/skill_management_handlers.go:1662; agent/skill_management_handlers.go:2492; agent/skill_management_handlers.go:2522; api/handler_user.go:422; api/handler_user.go:439; +18 more; ,primary decision timeframe,"no (Studio only, no guide)",LIVE
ai_config.indicators.klines.selected_timeframes,strategy,store/strategy.go:1998,[]string,"[""5m"", ""15m"", ""1h""]",Studio IndicatorEditor control,"[""1h"", ""4h"", ""1d"", ""15m"", ""3m"", ""5m""]",O,agent/central_brain.go:1167; agent/skill_execution_handlers.go:994; agent/skill_management_handlers.go:1153; agent/skill_management_handlers.go:1660; api/handler_user.go:421; api/handler_user.go:438; api/strategy.go:678; kernel/engine_analysis.go:787; +22 more; ,strategy field (ai_config.indicators.klines.selected_timeframes),"no (Studio only, no guide)",LIVE
ai_config.indicators.netflow_ranking_duration,strategy,store/strategy.go:1976,string,"""1h""",Studio IndicatorEditor control,"""1h""",O,agent/skill_execution_handlers.go:1041; agent/skill_management_handlers.go:1157; kernel/engine.go:1007; store/strategy.go:2221; kernel/engine.go:970,strategy field (ai_config.indicators.netflow_ranking_duration),"no (Studio only, no guide)",LIVE
ai_config.indicators.netflow_ranking_limit,strategy,store/strategy.go:1977,int,10,Studio IndicatorEditor control,10,O,agent/skill_execution_handlers.go:1047; agent/skill_management_handlers.go:1157; kernel/engine.go:1012; store/strategy.go:2222; store/strategy.go:2731; kernel/engine.go:975,strategy field (ai_config.indicators.netflow_ranking_limit),"no (Studio only, no guide)",LIVE
ai_config.indicators.nofxos_api_key,strategy,store/strategy.go:1962,string,"""cm_568c67eae410d912c54c""",Studio IndicatorEditor control,"""cm_568c67eae410d912c54c""",O,agent/skill_execution_handlers.go:1021; agent/skill_management_handlers.go:1766; agent/skill_management_handlers.go:1768; agent/skill_management_handlers.go:1823; agent/skill_management_handlers.go:1825; api/strategy.go:30; kernel/engine.go:380; store/indicator_fingerprint.go:12; +2 more; ,strategy field (ai_config.indicators.nofxos_api_key),"no (Studio only, no guide)",LIVE
ai_config.indicators.oi_ranking_duration,strategy,store/strategy.go:1971,string,"""1h""",Studio IndicatorEditor control,"""1h""",O,agent/skill_execution_handlers.go:1031; agent/skill_management_handlers.go:1156; kernel/engine.go:976; store/strategy.go:2217; kernel/engine.go:939,strategy field (ai_config.indicators.oi_ranking_duration),"no (Studio only, no guide)",LIVE
ai_config.indicators.oi_ranking_limit,strategy,store/strategy.go:1972,int,10,Studio IndicatorEditor control,10,O,agent/skill_execution_handlers.go:1037; agent/skill_management_handlers.go:1156; kernel/engine.go:981; store/strategy.go:2218; store/strategy.go:2724; kernel/engine.go:944,strategy field (ai_config.indicators.oi_ranking_limit),"no (Studio only, no guide)",LIVE
ai_config.indicators.price_ranking_duration,strategy,store/strategy.go:1981,string,"""1h,4h,24h""",Studio IndicatorEditor control,"""1h,4h,24h""",O,agent/skill_execution_handlers.go:1051; agent/skill_management_handlers.go:1158; kernel/engine.go:1039; provider/nofxos/price.go:24; provider/nofxos/price.go:25; provider/nofxos/price.go:36; provider/nofxos/price.go:42; provider/nofxos/price.go:72; +3 more; ,strategy field (ai_config.indicators.price_ranking_duration),"no (Studio only, no guide)",LIVE
ai_config.indicators.price_ranking_limit,strategy,store/strategy.go:1982,int,10,Studio IndicatorEditor control,10,O,agent/skill_execution_handlers.go:1057; agent/skill_management_handlers.go:1158; kernel/engine.go:1044; store/strategy.go:2226; store/strategy.go:2738; kernel/engine.go:1007,strategy field (ai_config.indicators.price_ranking_limit),"no (Studio only, no guide)",LIVE
ai_config.indicators.rsi_periods,strategy,store/strategy.go:1952,[]int,"[7, 14]",Studio IndicatorEditor control,[14],O,agent/skill_execution_handlers.go:999; api/strategy.go:709; kernel/engine_analysis.go:815; kernel/engine_prompt.go:235; kernel/engine_prompt.go:236; store/indicator_fingerprint.go:44; store/strategy.go:110; store/strategy.go:2206; +1 more; ,strategy field (ai_config.indicators.rsi_periods),"no (Studio only, no guide)",LIVE
ai_config.prompt_sections,strategy,store/strategy.go:737,PromptSectionsConfig,(object),(children),(object),—,—,(container — see child rows),n/a (container),LIVE
ai_config.prompt_sections.decision_process,strategy,store/strategy.go:1901,string,"""""",Studio PromptSectionsEditor control,(absent → code default),default,agent/skill_execution_handlers.go:1065; agent/skill_management_handlers.go:1171; agent/skill_management_handlers.go:1705; kernel/engine_prompt.go:131; kernel/engine_prompt.go:132; kernel/engine_prompt_futures.go:213; kernel/engine_prompt_futures.go:214; store/strategy.go:2654,strategy field (ai_config.prompt_sections.decision_process),"no (Studio only, no guide)",LIVE
ai_config.prompt_sections.entry_standards,strategy,store/strategy.go:1899,string,"""# 🎯 Entry Standards (Strict)\n\nOnly enter positions when multiple signals resonate. Freely use any effective analysis methods, avoid low-quality behaviors such as single indicators, contradictory signals, sideways oscillation, or immediately restarting after closing positions.""",Studio PromptSectionsEditor control,"""# 🎯 Entry Standards (Strict)\n\nOnly enter …",O,agent/central_brain.go:1186; agent/skill_execution_handlers.go:1063; agent/skill_management_handlers.go:1170; agent/skill_management_handlers.go:1702; kernel/engine_prompt.go:118; kernel/engine_prompt.go:119; kernel/engine_prompt_futures.go:203; kernel/engine_prompt_futures.go:205; +3 more,entry standards prompt text,"no (Studio only, no guide)",LIVE
ai_config.prompt_sections.role_definition,strategy,store/strategy.go:1895,string,"""""",Studio PromptSectionsEditor control,"""# You are a professional day trade CME inde…",O,agent/skill_execution_handlers.go:1059; agent/skill_management_handlers.go:1168; agent/skill_management_handlers.go:1696; kernel/engine.go:428; kernel/engine_prompt.go:51; kernel/engine_prompt.go:52; kernel/engine_prompt_futures.go:99; kernel/engine_prompt_futures.go:100; +1 more,strategy field (ai_config.prompt_sections.role_definition),"no (Studio only, no guide)",LIVE
ai_config.prompt_sections.trading_frequency,strategy,store/strategy.go:1897,string,"""# ⏱️ Trading Frequency Awareness\n\n- Excellent trader: 2-4 trades per day ≈ 0.1-0.2 trades per hour\n- >2 trades per hour = overtrading\n- Single position holding time ≥ 30-60 minutes\nIf you find yourself trading every cycle → standards are too low; if closing positions in <30 minutes → too impulsive.""",Studio PromptSectionsEditor control,"""# ⏱️ Trading Frequency Awareness\n- Focus o…",O,agent/central_brain.go:1185; agent/skill_execution_handlers.go:1061; agent/skill_management_handlers.go:1169; agent/skill_management_handlers.go:1699; kernel/engine_prompt.go:106; kernel/engine_prompt.go:107; kernel/engine_prompt_futures.go:142; kernel/engine_prompt_futures.go:144; +3 more,"how often the bot should trade (live text claims exits SUSPENDED — stale, see P2-1)","no (Studio only, no guide)",LIVE
ai_config.risk_control,strategy,store/strategy.go:736,RiskControlConfig,(object),(children),(object),—,—,(container — see child rows),n/a (container),LIVE
ai_config.risk_control.altcoin_max_leverage,strategy,store/strategy.go:2020,int,5,Studio RiskControlEditor control,5,O,agent/central_brain.go:1180; agent/skill_execution_handlers.go:963; agent/skill_execution_handlers.go:975; agent/skill_management_handlers.go:1160; agent/skill_management_handlers.go:1760; agent/skill_management_handlers.go:1817; agent/skill_management_handlers.go:2494; agent/trade.go:456; +12 more; ,strategy field (ai_config.risk_control.altcoin_max_leverage),"no (Studio only, no guide)",LIVE
ai_config.risk_control.altcoin_max_position_value_ratio,strategy,store/strategy.go:2025,float64,1,Studio RiskControlEditor control,1,O,agent/skill_management_handlers.go:1165; agent/trade.go:457; api/handler_user.go:418; api/handler_user.go:433; kernel/engine_analysis.go:579; kernel/engine_prompt.go:74; store/strategy.go:185; store/strategy.go:186; +5 more; ,strategy field (ai_config.risk_control.altcoin_max_position_value_ratio),"no (Studio only, no guide)",LIVE
ai_config.risk_control.blackout_enabled,strategy,store/strategy.go:2097,*bool,(zero),Studio RiskControlEditor control,false,O,kernel/engine_analysis.go:202; kernel/risk_limits.go:311; kernel/risk_limits.go:327; trader/effective_settings.go:621; kernel/engine_analysis.go:188,strategy field (ai_config.risk_control.blackout_enabled),"no (Studio only, no guide)",LIVE
ai_config.risk_control.blackout_end_ct,strategy,store/strategy.go:2099,string,"""""",Studio RiskControlEditor control,(absent → code default),default,kernel/engine_analysis.go:170; kernel/engine_analysis.go:171; kernel/engine_analysis.go:202; kernel/engine_analysis.go:206; trader/effective_settings.go:652; kernel/engine_analysis.go:167,strategy field (ai_config.risk_control.blackout_end_ct),"no (Studio only, no guide)",LIVE
ai_config.risk_control.blackout_start_ct,strategy,store/strategy.go:2098,string,"""""",Studio RiskControlEditor control,(absent → code default),default,kernel/engine_analysis.go:170; kernel/engine_analysis.go:171; kernel/engine_analysis.go:202; kernel/engine_analysis.go:206; trader/effective_settings.go:651; kernel/engine_analysis.go:167,strategy field (ai_config.risk_control.blackout_start_ct),"no (Studio only, no guide)",LIVE
ai_config.risk_control.breakeven_enabled,strategy,store/strategy.go:2119,*bool,(zero),Studio RiskControlEditor control,false,O,trader/auto_trader.go:221; trader/effective_settings.go:688; trader/exit_mechs_suspend.go:123; trader/auto_trader.go:196,breakeven exit on/off (live false; trigger 40 stored),"no (Studio only, no guide)",LIVE
ai_config.risk_control.breakeven_trigger_points,strategy,store/strategy.go:2120,float64,0,Studio RiskControlEditor control,40,O,store/strategy.go:2115; trader/auto_trader.go:209; trader/auto_trader.go:199,breakeven trigger points (stored 40; fires only when enabled),"no (Studio only, no guide)",LIVE
ai_config.risk_control.btc_eth_max_leverage,strategy,store/strategy.go:2018,int,5,Studio RiskControlEditor control,5,O,agent/central_brain.go:1179; agent/skill_execution_handlers.go:962; agent/skill_execution_handlers.go:969; agent/skill_management_handlers.go:1159; agent/skill_management_handlers.go:1760; agent/skill_management_handlers.go:1817; agent/skill_management_handlers.go:2493; agent/trade.go:459; +13 more; ,strategy field (ai_config.risk_control.btc_eth_max_leverage),"no (Studio only, no guide)",LIVE
ai_config.risk_control.btc_eth_max_position_value_ratio,strategy,store/strategy.go:2023,float64,5,Studio RiskControlEditor control,5,O,agent/skill_management_handlers.go:1164; agent/trade.go:460; api/handler_user.go:417; kernel/engine_analysis.go:578; kernel/engine_prompt.go:70; store/strategy.go:179; store/strategy.go:180; store/strategy.go:182; +4 more; ,strategy field (ai_config.risk_control.btc_eth_max_position_value_ratio),"no (Studio only, no guide)",LIVE
ai_config.risk_control.consecutive_loss_halt,strategy,store/strategy.go:2070,*int,(zero),Studio RiskControlEditor control,(absent → code default),default,store/resolve_source.go:78; store/resolve_source.go:79; store/settings_truth.go:196; store/settings_truth.go:357; trader/session_risk.go:breakerHaltN (:62 @853981d2 — the one resolution both the ARM path and consecutiveLossHaltedAt call),"W1 (f) 2026-09-23: the old cite auto_trader_orders.go:116 was a nil guard inside consecutiveLossHaltedAt, whic","no (Studio only, no guide)",LIVE
ai_config.risk_control.consistency_enabled,strategy,store/strategy.go:2106,*bool,(zero),Studio RiskControlEditor control,(absent → code default),default,kernel/engine_analysis.go:210; kernel/risk_limits.go:312; kernel/risk_limits.go:328; trader/effective_settings.go:622; kernel/engine_analysis.go:196,strategy field (ai_config.risk_control.consistency_enabled),"no (Studio only, no guide)",LIVE
ai_config.risk_control.consistency_max_day_pct,strategy,store/strategy.go:2105,float64,0,Studio RiskControlEditor control,(absent → code default),default,kernel/engine_analysis.go:172; kernel/engine_analysis.go:210; kernel/engine_analysis.go:214; kernel/risk_limits.go:293; kernel/risk_limits.go:352; kernel/risk_limits.go:353; trader/effective_settings.go:650; kernel/engine_analysis.go:169,strategy field (ai_config.risk_control.consistency_max_day_pct),"no (Studio only, no guide)",LIVE
ai_config.risk_control.daily_loss_enabled,strategy,store/strategy.go:2047,*bool,(zero),Studio RiskControlEditor control,false,O,kernel/engine_analysis.go:160; kernel/risk_limits.go:281; kernel/risk_limits.go:305; kernel/risk_limits.go:321; kernel/risk_limits.go:368; trader/desk_facts.go:523; trader/desk_facts.go:531; trader/desk_facts.go:533; +3 more; ,strategy field (ai_config.risk_control.daily_loss_enabled),yes,LIVE
ai_config.risk_control.daily_loss_limit_usd,strategy,store/strategy.go:2046,float64,0,Studio RiskControlEditor control,450,O,api/handler_risk.go:164; api/handler_risk.go:222; kernel/engine_analysis.go:161; kernel/risk_limits.go:282; kernel/risk_limits.go:306; kernel/risk_limits.go:322; kernel/risk_limits.go:338; kernel/risk_limits.go:339; +9 more; ,strategy field (ai_config.risk_control.daily_loss_limit_usd),"no (Studio only, no guide)",LIVE
ai_config.risk_control.daily_profit_enabled,strategy,store/strategy.go:2052,*bool,(zero),Studio RiskControlEditor control,false,O,kernel/engine_analysis.go:163; kernel/risk_limits.go:283; kernel/risk_limits.go:307; kernel/risk_limits.go:323; kernel/risk_limits.go:371; trader/effective_settings.go:619; kernel/engine_analysis.go:160,strategy field (ai_config.risk_control.daily_profit_enabled),"no (Studio only, no guide)",LIVE
ai_config.risk_control.daily_profit_target_usd,strategy,store/strategy.go:2051,float64,0,Studio RiskControlEditor control,900,O,kernel/engine_analysis.go:164; kernel/risk_limits.go:284; kernel/risk_limits.go:308; kernel/risk_limits.go:324; kernel/risk_limits.go:341; kernel/risk_limits.go:342; kernel/risk_limits.go:371; kernel/risk_limits.go:372; +1 more; ,strategy field (ai_config.risk_control.daily_profit_target_usd),"no (Studio only, no guide)",LIVE
ai_config.risk_control.guardrails_enabled,strategy,store/strategy.go:2041,*bool,(zero),Studio RiskControlEditor control,false,O,kernel/risk_limits.go:320; trader/auto_trader_pause.go:198; trader/desk_facts.go:517; trader/desk_facts.go:802; trader/session_risk.go:364; kernel/engine_analysis.go:153,"guardrails master switch (live FALSE — stored caps bypassed, NOTE-3)",yes,LIVE
ai_config.risk_control.hold_discipline,strategy,store/strategy.go:2113,*bool,(zero),Studio RiskControlEditor control,true,O,trader/auto_trader_orders.go:82; trader/effective_settings.go:675; trader/auto_trader_orders.go:84,hold-discipline flag (live true),"no (Studio only, no guide)",LIVE
ai_config.risk_control.max_contracts_enabled,strategy,store/strategy.go:2085,*bool,(zero),Studio RiskControlEditor control,false,O,store/strategy.go:2091,INEFFECTIVE — no gate reads it,"n/a (no Studio control, no guide)",DEAD
ai_config.risk_control.max_contracts_per_order,strategy,store/strategy.go:2081,int,0,Studio RiskControlEditor control,2,O,trader/armed_executor.go:1057; trader/auto_trader_orders.go:55; trader/effective_settings.go:663; trader/auto_trader_orders.go:57,futures contract cap per order (live 2),"no (Studio only, no guide)",LIVE
ai_config.risk_control.max_daily_trades,strategy,store/strategy.go:2055,int,0,Studio RiskControlEditor control,3,O,kernel/engine_analysis.go:166; kernel/engine_analysis.go:167; kernel/risk_limits.go:285; kernel/risk_limits.go:286; kernel/risk_limits.go:309; kernel/risk_limits.go:310; kernel/risk_limits.go:325; kernel/risk_limits.go:326; +7 more; ,strategy field (ai_config.risk_control.max_daily_trades),"no (Studio only, no guide)",LIVE
ai_config.risk_control.max_daily_trades_enabled,strategy,store/strategy.go:2056,*bool,(zero),Studio RiskControlEditor control,false,O,kernel/engine_analysis.go:163,strategy field (ai_config.risk_control.max_daily_trades_enabled),"no (Studio only, no guide)",LIVE
ai_config.risk_control.max_margin_usage,strategy,store/strategy.go:2028,float64,0.9,Studio RiskControlEditor control,0.9,O,agent/skill_management_handlers.go:1166; agent/skill_management_handlers.go:1762; agent/skill_management_handlers.go:1819; kernel/engine_prompt.go:86; kernel/schema.go:257; store/strategy.go:57; store/strategy.go:205; store/strategy.go:206; +4 more,"INEFFECTIVE — prompt text only, no gate reads it","no (Studio only, no guide)",DEAD
ai_config.risk_control.max_notional_leverage,strategy,store/strategy.go:2090,float64,0,Studio RiskControlEditor control,(absent → code default),default,kernel/engine_analysis.go:582; trader/auto_trader_risk.go:267; trader/effective_settings.go:671; kernel/engine_analysis.go:557,strategy field (ai_config.risk_control.max_notional_leverage),"no (Studio only, no guide)",LIVE
ai_config.risk_control.max_positions,strategy,store/strategy.go:2015,int,3,Studio RiskControlEditor control,3,O,agent/skill_management_handlers.go:1163; agent/skill_management_handlers.go:1760; agent/skill_management_handlers.go:1817; api/handler_user.go:432; api/strategy.go:625; kernel/engine_analysis.go:131; kernel/engine_prompt.go:81; kernel/golden_selfcheck.go:41; +10 more,max open positions (live 3),yes,LIVE
ai_config.risk_control.min_confidence,strategy,store/strategy.go:2035,int,75,Studio RiskControlEditor control,60,O,agent/central_brain.go:1181; agent/skill_execution_handlers.go:950; agent/skill_management_handlers.go:1161; agent/skill_management_handlers.go:1760; agent/skill_management_handlers.go:1817; agent/skill_management_handlers.go:2495; api/handler_user.go:419; api/handler_user.go:434; +17 more; ,minimum AI confidence to trade (live 60 vs default 75),yes,LIVE
ai_config.risk_control.min_position_size,strategy,store/strategy.go:2030,float64,12,Studio RiskControlEditor control,12,O,agent/skill_management_handlers.go:1167; agent/skill_management_handlers.go:1762; agent/skill_management_handlers.go:1819; agent/trade.go:472; kernel/engine_prompt.go:87; store/strategy.go:58; store/strategy.go:211; store/strategy.go:212; +5 more,INEFFECTIVE — crypto hardcode (12/60) in engine_position.go,"no (Studio only, no guide)",DEAD
ai_config.risk_control.min_risk_reward_ratio,strategy,store/strategy.go:2033,float64,3,Studio RiskControlEditor control,2,O,agent/central_brain.go:1182; agent/skill_execution_handlers.go:956; agent/skill_management_handlers.go:1162; agent/skill_management_handlers.go:1762; agent/skill_management_handlers.go:1819; agent/skill_management_handlers.go:2496; api/config_resolved.go:96; api/config_resolved.go:97; +17 more; ,arm-gate R:R floor (armGateVerdictFor; live 2 vs code default 3.0),yes,LIVE
ai_config.risk_control.notional_cap_enabled,strategy,store/strategy.go:2092,*bool,(zero),Studio RiskControlEditor control,false,O,NONE,INEFFECTIVE — no gate reads it,"n/a (no Studio control, no guide)",DEAD
ai_config.risk_control.reentry_cooldown_minutes,strategy,store/strategy.go:2077,int,0,Studio RiskControlEditor control,(absent → code default),default,kernel/engine_analysis.go:644; trader/entry_admission.go:422; kernel/engine_analysis.go:619,strategy field (ai_config.risk_control.reentry_cooldown_minutes),"no (Studio only, no guide)",LIVE
ai_config.risk_control.trailing_arm,strategy,store/strategy.go:2131,string,"""""",Studio RiskControlEditor control,(absent → code default),default,store/strategy.go:2130; store/strategy.go:2132; trader/auto_trader_trailing.go:52; trader/auto_trader_trailing.go:58,strategy field (ai_config.risk_control.trailing_arm),"no (Studio only, no guide)",LIVE
ai_config.risk_control.trailing_arm_points,strategy,store/strategy.go:2132,float64,0,Studio RiskControlEditor control,(absent → code default),default,trader/auto_trader_trailing.go:58,strategy field (ai_config.risk_control.trailing_arm_points),"no (Studio only, no guide)",LIVE
ai_config.risk_control.trailing_atr_mult,strategy,store/strategy.go:2128,float64,0,Studio RiskControlEditor control,(absent → code default),default,trader/auto_trader_trailing.go:44,strategy field (ai_config.risk_control.trailing_atr_mult),"no (Studio only, no guide)",LIVE
ai_config.risk_control.trailing_atr_period,strategy,store/strategy.go:2129,int,0,Studio RiskControlEditor control,14,O,trader/auto_trader_trailing.go:48,strategy field (ai_config.risk_control.trailing_atr_period),"no (Studio only, no guide)",LIVE
ai_config.risk_control.trailing_enabled,strategy,store/strategy.go:2127,*bool,(zero),Studio RiskControlEditor control,false,O,trader/auto_trader_trailing.go:43; trader/exit_mechs_suspend.go:124,trailing exit on/off (live false),"no (Studio only, no guide)",LIVE
day_plan,strategy,store/strategy.go:752,*DayPlanConfig,(object),(children),(object),—,—,(container — see child rows),n/a (container),LIVE
day_plan.acceptance_rule,strategy,store/strategy.go:1060,string,"""5m_close"" (folded: the one rule)",no control (folded),"""5m_close""",O,api/handler_plan.go:193; kernel/engine_analysis.go:487; store/strategy.go:1056; store/strategy.go:1057; store/strategy.go:1195; store/strategy.go:1263; store/strategy.go:1275; store/strategy.go:1730; +5 more; ,folded; resolver maps every value onto 5m close,n/a (folded knob),SHADOWED
day_plan.approval_required,strategy,store/strategy.go:1071,bool,false,Studio control (DayPlanEditor / strategy row selector),false,O,api/handler_plan.go:178; store/strategy.go:1070; store/strategy.go:1601; trader/auto_trader_planconfig.go:153; trader/auto_trader_planconfig.go:155,whether plan authoring needs approval (live false),yes,LIVE
day_plan.condition_status,strategy,store/strategy.go:1156,map[string]string,{},no control (guide documents it),(absent → code default),default,kernel/condition_status.go:35; kernel/condition_status.go:40; kernel/condition_status.go:41; kernel/condition_status.go:52; kernel/condition_status.go:53; kernel/condition_status.go:58; kernel/condition_status.go:102; kernel/condition_status.go:107; +33 more; ,condition status knob,"no (guide only, no Studio control)",LIVE
day_plan.death_reread,strategy,store/strategy.go:1039,*bool,true (nil → ON),Studio control (DayPlanEditor / strategy row selector),(absent → code default),default,manager/trader_manager.go:624; store/death_reread_counters.go:5; store/death_reread_counters.go:9; store/death_reread_counters.go:18; store/death_reread_counters.go:26; store/death_reread_counters.go:27; store/death_reread_counters.go:28; store/strategy.go:1032; +12 more; ,death re-read on/off (default ON),yes,LIVE
day_plan.entry_policy_default,strategy,store/strategy.go:1166,string,"""market_in_zone""","frontend type only, no control",(absent → code default),default,cmd/planner_replay/main.go:366; cmd/planner_replay/main.go:380; cmd/w2w3_replay/main.go:139; cmd/w2w3_replay/main.go:154; kernel/entry_policy.go:23; kernel/entry_policy.go:26; kernel/entry_policy_prompt.go:45; kernel/plan_doc.go:557; +19 more; ,default entry policy (market_in_zone),"no (guide only, no Studio control)",LIVE
day_plan.evening_digest,strategy,store/strategy.go:1075,bool,false,no control (folded),true,O,store/strategy.go:1072; store/strategy.go:1671; store/strategy.go:1692; store/strategy.go:1695; store/strategy.go:1696; store/strategy.go:1721; trader/auto_trader_planconfig.go:161; trader/effective_settings.go:830; ,folded; stored true honoured,n/a (folded knob),SHADOWED
day_plan.fade_or_wide_k,strategy,store/strategy.go:978,float64,0,"no control, no guide",(absent → code default),default,store/strategy.go:974; trader/fade_boot.go:18; trader/fade_boot.go:19; trader/fade_facts.go:157; trader/fade_facts.go:158; trader/fade_facts.go:155,fade/wide multiplier k,"n/a (no Studio control, no guide)",LIVE
day_plan.flip_reread,strategy,store/strategy.go:1031,bool,false,Studio control (DayPlanEditor / strategy row selector),true,O,manager/trader_manager.go:619; store/strategy.go:1027; store/strategy.go:1742; store/strategy.go:1744; store/strategy.go:1745; trader/auto_trader_planner.go:287; trader/auto_trader_planner.go:838; trader/effective_settings.go:824; +3 more; ,flip re-read on/off (live true),yes,LIVE
day_plan.geometry_reference_levels,strategy,store/strategy.go:1144,*bool,true (nil → ON),no control (guide documents it),(absent → code default),default,store/strategy.go:1132; store/strategy.go:1137; store/strategy.go:1832; trader/geometry_ref_boot.go:15; trader/geometry_ref_boot.go:18; kernel/planner_prompt.go EnsureReferenceLevelIDs (map ids); trader/auto_trader_planner.go write-site stamp; trader/structural_geometry.go resolveEntryGeometryZone via ComposeLevelFadeGeometryWith (executor tf wildcard + null-width reference-line admission),geometry reference levels gate (default ON),"no (guide only, no Studio control)",LIVE
day_plan.htf_seats,strategy,store/strategy.go:1022,*int,2,Studio control (DayPlanEditor / strategy row selector),(absent → code default),default,store/strategy.go:1019; store/strategy.go:1598; trader/auto_trader_planner.go:2807; trader/auto_trader_planner.go:2808; kernel/levels_score.go seatHTF (S3),HTF seat count (default 2),"no (Studio only, no guide)",LIVE
day_plan.levels_fresh_by_tf,strategy,store/strategy.go:1123,bool,false,no control (folded),true,O,store/strategy.go:1116; store/strategy.go:1727; store/strategy.go:1808; store/strategy.go:1810; store/strategy.go:1811; trader/auto_trader_dayplan.go:221; trader/auto_trader_dayplan.go:239; trader/effective_settings.go:829; ,folded knob — registry note: W-KNOB-PRUNE 2026-09-18: verdict REMOVE (S4c: freshness separates nothing) but t,n/a (folded knob),SHADOWED
day_plan.max_levels,strategy,store/strategy.go:1013,int,0,Studio control (DayPlanEditor / strategy row selector),12,O,kernel/engine_analysis.go:381; kernel/engine_analysis.go:382; kernel/golden_selfcheck.go:51; kernel/golden_selfcheck.go:73; kernel/golden_selfcheck.go:92; kernel/planner_prompt.go:156; kernel/planner_prompt.go:798; store/strategy.go:1012; +4 more; ,max plan levels (live 12),yes,LIVE
day_plan.min_hold_min,strategy,store/strategy.go:1184,*int,3,"frontend type only, no control",(absent → code default),default,kernel/entry_policy_prompt.go:32; kernel/entry_policy_prompt.go:51; kernel/entry_policy_prompt.go:53; kernel/entry_policy_prompt.go:69; kernel/plan_doc.go:561; kernel/plan_doc.go:562; kernel/plan_doc.go:610; kernel/planner_prompt.go:44; +7 more; ,minimum hold minutes (default 3),"no (guide only, no Studio control)",LIVE
day_plan.min_scenario_quality,strategy,store/strategy.go:1148,string,"""""",Studio control (DayPlanEditor / strategy row selector),(absent → code default),default,kernel/engine.go:148; kernel/engine_position.go:300; kernel/engine_position.go:301; kernel/transition.go:58; kernel/transition.go:63; store/effective_sources.go:3; store/effective_sources.go:11; store/effective_sources.go:13; +19 more,minimum scenario quality grade,yes,LIVE
day_plan.one_setup_enabled,strategy,store/strategy.go:984,*bool,(zero),Studio control (DayPlanEditor / strategy row selector),false,O,store/resolve_source.go:185; store/resolve_source.go:186; store/strategy.go:979; store/resolve_source.go:ResolveOneSetup; trader/one_setup_wiring.go:oneSetupConfig,one-setup mode (live FALSE [O]),yes,LIVE
day_plan.one_setup_min_grade,strategy,store/strategy.go:999,string,"""B""",Studio control (DayPlanEditor / strategy row selector),(absent → code default),default,store/resolve_source.go:188; store/strategy.go:997; store/resolve_source.go:ResolveOneSetup; kernel/one_setup.go:OneSetupBestCandidate,one-setup minimum scenario grade (default B),yes,LIVE
day_plan.picture_htf,strategy,store/strategy.go:990,*PictureHtfConfig,(object),(children),(object),—,—,(container — see child rows),n/a (container),LIVE
day_plan.picture_htf.enabled,strategy,store/strategy.go:930,bool,false,no control,true,O,store/strategy.go:PictureHtfResolved,"picture HTF mode (live true, SIM-only rule v1)",yes,LIVE
day_plan.picture_htf.entry_window_sec,strategy,store/strategy.go:934,int,0,no control,(absent → code default),default,store/strategy.go:945; store/strategy.go:946; store/strategy.go:956; store/strategy.go:957; trader/effective_settings.go:894; trader/picture_htf_evaluator.go:590; trader/picture_htf_live.go:127; trader/picture_htf_live.go:208; ,submission allowed within N seconds of the new 5m interval (default 360).,"no (Studio only, no guide)",LIVE
day_plan.picture_htf.freshness_sec,strategy,store/strategy.go:935,int,0,no control,(absent → code default),default,store/strategy.go:945; store/strategy.go:946; store/strategy.go:959; store/strategy.go:960; trader/effective_settings.go:895; trader/picture_htf_evaluator.go:644; trader/picture_htf_evaluator.go:645; trader/picture_htf_evaluator.go:647; +2 more; ,max accepted age of the freshest bar frame at evaluation and send (default 30s).,"no (Studio only, no guide)",LIVE
day_plan.picture_htf.min_rr,strategy,store/strategy.go:936,float64,0,no control,(absent → code default),default,docs/superpowers/reports/2026-09-12-structural-stop/harness/sweep.go:84; kernel/map_candidates.go:133; kernel/map_candidates.go:138; kernel/map_candidates.go:216; kernel/map_candidates.go:289; kernel/plan_doc.go:548; kernel/plan_doc.go:555; kernel/plan_doc.go:556; +29 more; ,0 = the strategy's configured minimum R:R; the nearest eligible zone is never skipped to fix R:R.,"no (Studio only, no guide)",LIVE
day_plan.picture_htf.pivot_window,strategy,store/strategy.go:932,int,0,no control,(absent → code default),default,store/strategy.go:945; store/strategy.go:946; store/strategy.go:950; store/strategy.go:951; trader/effective_settings.go:892; trader/picture_htf_evaluator.go:270; trader/picture_htf_evaluator.go:284; trader/picture_htf_evaluator.go:308; +2 more; ,latest N completed 4H candles for body-pivot discovery (default 120).,"no (Studio only, no guide)",LIVE
day_plan.picture_htf.swing_lookback,strategy,store/strategy.go:933,int,0,no control,(absent → code default),default,store/strategy.go:945; store/strategy.go:946; store/strategy.go:953; store/strategy.go:954; trader/effective_settings.go:893; trader/picture_htf_evaluator.go:577; trader/picture_htf_evaluator.go:651; trader/picture_htf_live.go:127; ,preceding N completed 5m candles for the structural swing stop (default 24).,"no (Studio only, no guide)",LIVE
day_plan.picture_htf.tick_size,strategy,store/strategy.go:931,float64,0,no control,(absent → code default),default,cmd/nq_smoke/main.go:120; cmd/nq_smoke/smoke_prompt.go:18; kernel/engine_prompt_futures.go:84; kernel/engine_prompt_futures.go:308; kernel/engine_prompt_futures.go:359; kernel/engine_prompt_futures.go:385; kernel/engine_prompt_futures.go:391; provider/ninjatrader/tcp_framing.go:518; +22 more; ,one instrument tick (default 0.25 MNQ); the H1 close must cross by at least one tick.,"no (Studio only, no guide)",LIVE
day_plan.plan_enabled,strategy,store/strategy.go:968,bool,false,no control,true,O,api/handler_plan.go:29; cmd/dayplan-arm/main.go:54; cmd/dayplan-sessions/main.go:84; kernel/engine_analysis.go:380; kernel/engine_prompt_futures.go:152; kernel/engine_prompt_futures.go:183; kernel/golden_selfcheck.go:51; kernel/golden_selfcheck.go:73; +10 more; ,day-plan master switch (live true),"no (Studio only, no guide)",LIVE
day_plan.plan_mode,strategy,store/strategy.go:973,string,"""""",Studio control (DayPlanEditor / strategy row selector),"""strict""",O,api/config_resolved.go:113; api/config_resolved.go:114; api/handler_plan.go:194; kernel/engine.go:345; kernel/golden_selfcheck.go:92; store/resolve_source.go:9; store/resolve_source.go:165; store/resolve_source.go:166; +16 more; ,plan mode (live strict),yes,LIVE
day_plan.planner_contract,strategy,store/strategy.go:996,*bool,true (nil → ON),"no control, no guide",(absent → code default),default,kernel/planner_prompt.go:68; kernel/planner_prompt.go:72; kernel/planner_prompt.go:544; kernel/planner_prompt.go:608; kernel/planner_prompt.go:799; store/strategy.go:991; store/strategy.go:2845; store/strategy.go:2847; +3 more; ,planner contract knob (nil=ON; A3); no Studio control — P2-4,"n/a (no Studio control, no guide)",LIVE
day_plan.planner_fresh_tape,strategy,store/strategy.go:1047,*bool,true (nil → ON),no control (guide documents it),(absent → code default),default,kernel/planner_fresh_tape.go:17; kernel/planner_fresh_tape.go:18; kernel/planner_fresh_tape.go:21; kernel/planner_fresh_tape.go:31; kernel/planner_fresh_tape.go:41; kernel/planner_fresh_tape.go:71; kernel/planner_fresh_tape.go:81; kernel/planner_fresh_tape.go:82; +9 more; ,planner fresh-tape knob (nil=ON; A6),"no (guide only, no Studio control)",LIVE
day_plan.planner_model,strategy,store/strategy.go:971,string,"""""",Studio control (DayPlanEditor / strategy row selector),(absent → code default),default,store/strategy.go:969; trader/auto_trader_planner.go:75; trader/auto_trader_planner.go:71,planner model binding,"no (Studio only, no guide)",LIVE
day_plan.planner_timeframes,strategy,store/strategy.go:1001,[]string,[],Studio control (DayPlanEditor / strategy row selector),"[""D"", ""4h"", ""1h"", ""15m"", ""5m""]",O,store/strategy.go:1000; store/strategy.go:1595; trader/auto_trader_planner.go:2817; trader/auto_trader_planner.go:2818; trader/auto_trader_planner.go:1990,"planner timeframes (live [D,4h,1h,15m,5m])",yes,LIVE
day_plan.proximity_filter_atr,strategy,store/strategy.go:1011,float64,0,Studio control (DayPlanEditor / strategy row selector),1,O,kernel/engine_analysis.go:390; store/strategy.go:1010; store/strategy.go:1596; trader/auto_trader_planconfig.go:139; kernel/engine_analysis.go:375,level proximity filter in ATR units (live 1),yes,LIVE
day_plan.realign_cap,strategy,store/strategy.go:1080,int,0,no control (folded),10,O,api/handler_plan.go:2429; store/strategy.go:1076; store/strategy.go:1671; store/strategy.go:1685; store/strategy.go:1686; store/strategy.go:1687; store/strategy.go:1718; store/strategy.go:1719; +4 more; ,folded; stored 10 honoured,n/a (folded knob),SHADOWED
day_plan.replan_cap,strategy,store/strategy.go:1066,*int,4 (base),Studio control (DayPlanEditor / strategy row selector),4,O,api/handler_plan.go:195; manager/trader_manager.go:610; store/resolve_source.go:61; store/resolve_source.go:63; store/resolve_source.go:132; store/resolve_source.go:133; store/resolve_source.go:134; store/resolve_source.go:136; +36 more; ,replan cap per session (live 4 top + per-session 4),yes,LIVE
day_plan.scenario_cap,strategy,store/strategy.go:1018,int,0,no control (folded),5,O,kernel/planner_prompt.go:157; kernel/planner_prompt.go:798; store/strategy.go:1014; store/strategy.go:1671; store/strategy.go:1678; store/strategy.go:1679; store/strategy.go:1680; store/strategy.go:1715; +4 more; ,folded; stored 5 honoured,n/a (folded knob),SHADOWED
day_plan.sessions,strategy,store/strategy.go:1088,[]DayPlanSessionOverride,(object),(children),(object),—,—,(container — see child rows),n/a (container),LIVE
day_plan.sessions.acceptance_rule,strategy,store/strategy.go:1195,*string,(zero),Studio session override block,(absent → code default),default,api/handler_plan.go:193; kernel/engine_analysis.go:487; store/strategy.go:1056; store/strategy.go:1057; store/strategy.go:1060; store/strategy.go:1263; store/strategy.go:1275; store/strategy.go:1730; +5 more; ,folded knob — registry note: W-KNOB-PRUNE 2026-09-18: one rule exists (1×5m close); the resolver already mapp,n/a (folded knob),SHADOWED
day_plan.sessions.condition_status,strategy,store/strategy.go:1213,*map[string]string,(zero),Studio session override block,(absent → code default),default,kernel/condition_status.go:35; kernel/condition_status.go:40; kernel/condition_status.go:41; kernel/condition_status.go:52; kernel/condition_status.go:53; kernel/condition_status.go:58; kernel/condition_status.go:102; kernel/condition_status.go:107; +33 more; ,W1 (f) 2026-09-23: the old cite auto_trader_planner.go:1481 is clockHoldDeferLine — not a reader.,"no (guide only, no Studio control)",LIVE
day_plan.sessions.enable,strategy,store/strategy.go:1192,*bool,(zero),Studio session override block,(absent → code default),default,agent/agent.go:56; agent/agent.go:57; agent/agent.go:58; agent/agent.go:72; agent/agent.go:73; agent/agent.go:74; agent/agent.go:155; agent/agent.go:164; +383 more; ,strategy field (day_plan.sessions.enable),yes,LIVE
day_plan.sessions.eod_flat_offset_min,strategy,store/strategy.go:1210,*int,(zero),Studio session override block,(absent → code default),default,store/effective_sources.go:52; store/effective_sources.go:53; store/strategy.go:1206,"no consumer found by a FIELD grep on 2026-09-03 (grep -rn "".<Field>\b"" kernel trader api agent provider). A ME","n/a (no Studio control, no guide)",LIVE
day_plan.sessions.last_entry_offset_min,strategy,store/strategy.go:1205,*int,(zero),Studio session override block,(absent → code default),default,store/effective_sources.go:44; store/effective_sources.go:45; store/strategy.go:1201,"no consumer found by a FIELD grep on 2026-09-03 (grep -rn "".<Field>\b"" kernel trader api agent provider). A ME","n/a (no Studio control, no guide)",LIVE
day_plan.sessions.max_trades,strategy,store/strategy.go:1197,*int,(zero),Studio session override block,(absent → code default),default,cmd/dayplan-sessions/main.go:118; cmd/dayplan-sessions/main.go:119; cmd/dayplan-sessions/main.go:126; store/effective_sources.go:3; store/effective_sources.go:33; store/effective_sources.go:35; store/effective_sources.go:36; store/effective_sources.go:37; +6 more,per-session entry cap via MaxTradesFor (live NY 10 · ASIA 7 · LONDON 10; 0 = no entries that session),yes,LIVE
day_plan.sessions.min_grade,strategy,store/strategy.go:1196,*string,(zero),Studio session override block,(absent → code default),default,api/handler_plan.go:2649; cmd/dayplan-sessions/main.go:104; cmd/dayplan-sessions/main.go:105; cmd/dayplan-sessions/main.go:112; kernel/engine_analysis.go:427; kernel/engine_analysis.go:497; kernel/one_setup.go:30; kernel/one_setup.go:33; +18 more; ,strategy field (day_plan.sessions.min_grade),yes,LIVE
day_plan.sessions.min_scenario_quality,strategy,store/strategy.go:1200,*string,(zero),Studio session override block,(absent → code default),default,kernel/engine.go:148; kernel/engine_position.go:300; kernel/engine_position.go:301; kernel/transition.go:58; kernel/transition.go:63; store/effective_sources.go:3; store/effective_sources.go:11; store/effective_sources.go:13; +19 more,strategy field (day_plan.sessions.min_scenario_quality),yes,LIVE
day_plan.sessions.plan_mode,strategy,store/strategy.go:1194,*string,(zero),Studio session override block,(absent → code default),default,api/config_resolved.go:113; api/config_resolved.go:114; api/handler_plan.go:194; kernel/engine.go:345; kernel/golden_selfcheck.go:92; store/resolve_source.go:9; store/resolve_source.go:165; store/resolve_source.go:166; +16 more; ,strategy field (day_plan.sessions.plan_mode),yes,LIVE
day_plan.sessions.replan_cap,strategy,store/strategy.go:1193,*int,(zero),Studio session override block,(absent → code default),default,api/handler_plan.go:195; manager/trader_manager.go:610; store/resolve_source.go:61; store/resolve_source.go:63; store/resolve_source.go:132; store/resolve_source.go:133; store/resolve_source.go:134; store/resolve_source.go:136; +36 more; ,W1 (f) 2026-09-23: the old cite auto_trader_reset.go:112 was SetResetBaseline — not a reader of the cap.,yes,LIVE
day_plan.sessions.session,strategy,store/strategy.go:1191,string,"""""",Studio session override block,(absent → code default),default,agent/active_session.go:13; agent/active_session.go:57; agent/active_session.go:117; agent/execution_state.go:35; agent/execution_state.go:251; agent/execution_state.go:350; agent/execution_state.go:368; agent/execution_state.go:394; +716 more; ,strategy field (day_plan.sessions.session),yes,LIVE
day_plan.sessions_enabled,strategy,store/strategy.go:1069,[]string,[],Studio control (DayPlanEditor / strategy row selector),"[""NY""]",O,trader/auto_trader_planconfig.go:77,"top-level session subset (live [NY]) — OVERRIDDEN per-session, CONFLICT (P2-6)","no (Studio only, no guide)",CONFLICT
day_plan.structural_stop,strategy,store/strategy.go:966,*StructuralStopConfig,(object),(children),(object),—,—,(container — see child rows),n/a (container),LIVE
day_plan.structural_stop.buffer_points,strategy,store/structural_geometry.go:12,*float64,(zero),no control,(absent → code default),default,docs/superpowers/reports/2026-09-12-structural-stop/harness/sweep.go:84; store/structural_geometry.go:17; store/structural_geometry.go:35; store/structural_geometry.go:47; store/structural_geometry.go:48; store/structural_geometry.go:49; trader/effective_settings.go:913; trader/effective_settings.go:915; +5 more; ,Research buffer beyond frozen zone; missing uncalibrated value refuses.,"no (Studio only, no guide)",LIVE
day_plan.structural_stop.round_trip_cost_points,strategy,store/structural_geometry.go:13,*float64,(zero),no control,(absent → code default),default,store/structural_geometry.go:54; store/structural_geometry.go:55; store/structural_geometry.go:56; store/structural_geometry.go:ResolveStructuralStop; trader/structural_geometry.go:ComposeLevelFadeGeometry,Point costs for complete round trip; baseline owner research assumption 2 points.,"n/a (no Studio control, no guide)",LIVE
day_plan.structure_map,strategy,store/strategy.go:1009,*bool,(zero),no control (folded),true,O,kernel/plan_doc.go:377; kernel/plan_doc.go:1129; kernel/planner_prompt.go:83; kernel/structure_map.go:26; kernel/structure_map.go:27; kernel/structure_map.go:62; kernel/structure_map.go:63; kernel/structure_map.go:112; +14 more; ,folded; stored true honoured (structure map section),n/a (folded knob),SHADOWED
day_plan.t1_currencies,strategy,store/strategy.go:1055,[]string,"[""USD""]",Studio control (DayPlanEditor / strategy row selector),(absent → code default),default,kernel/planner_prompt.go:27; kernel/planner_prompt.go:29; kernel/planner_prompt.go:32; kernel/planner_prompt.go:671; manager/trader_manager.go:622; store/strategy.go:1048; store/strategy.go:1764; store/strategy.go:1769; +16 more; ,T1 red-news hard-block currencies (default [USD]),yes,LIVE
day_plan.wake_min_interval_min,strategy,store/strategy.go:1111,int,"30 (const, folded)",no control (folded),(absent → code default),default,store/strategy.go:1108; store/strategy.go:1662; store/strategy.go:1663; store/strategy.go:1664; store/strategy.go:1667; store/strategy.go:1724; store/strategy.go:1725; trader/auto_trader_planner.go:882; +12 more; ,folded knob — registry note: W-KNOB-PRUNE 2026-09-18: constant 30 unless stored; control removed. Consumers r,n/a (folded knob),SHADOWED
day_plan.wake_on_15m_zone,strategy,store/strategy.go:1103,*bool,(zero),no control (folded),(absent → code default),default,store/strategy.go:1632; store/strategy.go:1649; trader/auto_trader_wake_levels.go:103,"folded knob — registry note: W-KNOB-PRUNE 2026-09-18: LEGACY per-class switch, collapsed into wake_on_level_e",n/a (folded knob),SHADOWED
day_plan.wake_on_htf_ob,strategy,store/strategy.go:1105,bool,false,no control (folded),true,O,store/strategy.go:1632; store/strategy.go:1649; store/strategy.go:1659; store/strategy.go:1735; trader/auto_trader_wake_levels.go:147; trader/auto_trader_wake_levels.go:103,folded BUT keeps own effect: HTF OB wake class runs only when stored true (P2-5),n/a (folded knob),SHADOWED
day_plan.wake_on_htf_zone,strategy,store/strategy.go:1104,*bool,(zero),no control (folded),(absent → code default),default,store/strategy.go:1632; store/strategy.go:1649; trader/auto_trader_wake_levels.go:103,"folded knob — registry note: W-KNOB-PRUNE 2026-09-18: LEGACY per-class switch, collapsed into wake_on_level_e",n/a (folded knob),SHADOWED
day_plan.wake_on_ifvg,strategy,store/strategy.go:1107,*bool,(zero),no control (folded),(absent → code default),default,store/strategy.go:1633; store/strategy.go:1650; trader/auto_trader_wake_levels.go:103,"folded knob — registry note: W-KNOB-PRUNE 2026-09-18: LEGACY per-class switch, collapsed into wake_on_level_e",n/a (folded knob),SHADOWED
day_plan.wake_on_level_events,strategy,store/strategy.go:1097,*bool,(zero),Studio control (DayPlanEditor / strategy row selector),(absent → code default),default,store/strategy.go:1091; store/strategy.go:1636; store/strategy.go:1642; store/strategy.go:1646; store/strategy.go:1647; store/strategy.go:1659; store/strategy.go:1733; store/strategy.go:1734; +4 more; ,master wake switch for level events,yes,LIVE
day_plan.wake_on_seated_invalidation,strategy,store/strategy.go:1106,*bool,(zero),no control (folded),(absent → code default),default,store/strategy.go:1633; store/strategy.go:1650; trader/auto_trader_wake_levels.go:103,"folded knob — registry note: W-KNOB-PRUNE 2026-09-18: LEGACY per-class switch, collapsed into wake_on_level_e",n/a (folded knob),SHADOWED
day_plan.write_time_feasibility,strategy,store/strategy.go:1131,*bool,true (nil → ON),no control (guide documents it),(absent → code default),default,store/strategy.go:1124; store/strategy.go:1814; store/strategy.go:1817; store/strategy.go:1818; trader/effective_settings.go:827; trader/write_time_feasibility.go:37; trader/write_time_feasibility.go:42; trader/write_time_feasibility.go:48; ,write-time feasibility gate (default ON),"no (guide only, no Studio control)",LIVE
day_plan.zone_max_pts,strategy,store/strategy.go:1169,*float64,10,"frontend type only, no control",(absent → code default),default,cmd/planner_replay/main.go:83; kernel/entry_policy_prompt.go:31; kernel/entry_policy_prompt.go:48; kernel/entry_policy_prompt.go:53; kernel/entry_policy_prompt.go:68; kernel/planner_prompt.go:44; kernel/planner_prompt.go:50; kernel/planner_prompt.go:799; +9 more; ,zone max points (default 10),"no (guide only, no Studio control)",LIVE
day_plan.zone_place_within_pts,strategy,store/strategy.go:1180,*float64,25,no control,(absent → code default),default,store/resolve_source.go:269; store/resolve_source.go:272; store/resolve_source.go:273; store/resolve_source.go:275; store/strategy.go:1174; store/resolve_source.go:ResolveZonePlaceWithinPts; trader/zone_placement.go placeZoneRow (the beyond-proximity gate) + zoneRestCap (expiry returns to armed-unplaced); trader/auto_trader_dayplan.go 🎛 entry law boot line,zone placement band (default 25),"no (guide only, no Studio control)",LIVE
day_plan.zone_rest_max_min,strategy,store/strategy.go:1173,*int,30,no control,(absent → code default),default,"store/resolve_source.go:221; store/resolve_source.go:262; store/strategy.go:1170; store/resolve_source.go:ResolveZoneRestMaxMin; trader/armed_executor.go (the market_in_zone rest cap — ""zone rest expired""); trader/auto_trader_dayplan.go 🎛 entry law boot line",zone rest cap minutes (default 30),"no (guide only, no Studio control)",LIVE
grid_config,strategy,store/strategy.go:740,*GridStrategyConfig,(object),(children),(object),—,—,(container — see child rows),n/a (container),LIVE
grid_config.atr_multiplier,strategy,store/strategy.go:1875,float64,0,Studio GridConfigEditor control,(absent → code default),default,agent/skill_execution_handlers.go:880; agent/skill_management_handlers.go:490; agent/skill_management_handlers.go:491; agent/skill_management_handlers.go:1132; agent/skill_management_handlers.go:1748; agent/skill_management_handlers.go:1805; agent/skill_management_handlers.go:2478; agent/skill_management_handlers.go:2514; +4 more; ,strategy field (grid_config.atr_multiplier),"no (Studio only, no guide)",LIVE
grid_config.daily_loss_limit_pct,strategy,store/strategy.go:1883,float64,0,Studio GridConfigEditor control,(absent → code default),default,agent/skill_execution_handlers.go:908; agent/skill_management_handlers.go:502; agent/skill_management_handlers.go:503; agent/skill_management_handlers.go:1140; agent/skill_management_handlers.go:2485; store/grid.go:41; store/strategy.go:579; trader/auto_trader_grid.go:187; +1 more,strategy field (grid_config.daily_loss_limit_pct),"no (Studio only, no guide)",LIVE
grid_config.direction_bias_ratio,strategy,store/strategy.go:1889,float64,0,Studio GridConfigEditor control,(absent → code default),default,agent/skill_execution_handlers.go:890; agent/skill_management_handlers.go:505; agent/skill_management_handlers.go:506; store/grid.go:76; store/strategy.go:582; trader/auto_trader_grid_levels.go:103; trader/auto_trader_grid_levels.go:419,strategy field (grid_config.direction_bias_ratio),"no (Studio only, no guide)",LIVE
grid_config.distribution,strategy,store/strategy.go:1877,string,"""""",Studio GridConfigEditor control,(absent → code default),default,agent/skill_execution_handlers.go:882; agent/skill_management_handlers.go:493; agent/skill_management_handlers.go:494; agent/skill_management_handlers.go:839; agent/skill_management_handlers.go:1137; agent/skill_management_handlers.go:1745; agent/skill_management_handlers.go:1802; agent/skill_management_handlers.go:2475; +10 more; ,strategy field (grid_config.distribution),yes,LIVE
grid_config.enable_direction_adjust,strategy,store/strategy.go:1887,bool,false,Studio GridConfigEditor control,(absent → code default),default,trader/auto_trader_grid_regime.go:65,strategy field (grid_config.enable_direction_adjust),"no (Studio only, no guide)",LIVE
grid_config.grid_count,strategy,store/strategy.go:1863,int,0,Studio GridConfigEditor control,(absent → code default),default,agent/skill_execution_handlers.go:854; agent/skill_management_handlers.go:481; agent/skill_management_handlers.go:482; agent/skill_management_handlers.go:1127; agent/skill_management_handlers.go:1184; agent/skill_management_handlers.go:1742; agent/skill_management_handlers.go:1799; agent/skill_management_handlers.go:2472; +27 more; ,strategy field (grid_config.grid_count),"no (Studio only, no guide)",LIVE
grid_config.leverage,strategy,store/strategy.go:1867,int,0,Studio GridConfigEditor control,(absent → code default),default,agent/skill_management_handlers.go:487; agent/skill_management_handlers.go:488; agent/skill_management_handlers.go:1129; agent/skill_management_handlers.go:1186; agent/skill_management_handlers.go:1744; agent/skill_management_handlers.go:1801; agent/skill_management_handlers.go:2474; agent/skill_management_handlers.go:2510; +135 more; ,strategy field (grid_config.leverage),yes,LIVE
grid_config.lower_price,strategy,store/strategy.go:1871,float64,0,Studio GridConfigEditor control,(absent → code default),default,agent/skill_execution_handlers.go:872; agent/skill_management_handlers.go:508; agent/skill_management_handlers.go:1134; agent/skill_management_handlers.go:1749; agent/skill_management_handlers.go:1750; agent/skill_management_handlers.go:1806; agent/skill_management_handlers.go:1807; agent/skill_management_handlers.go:2480; +21 more; ,strategy field (grid_config.lower_price),"no (Studio only, no guide)",LIVE
grid_config.max_drawdown_pct,strategy,store/strategy.go:1879,float64,0,Studio GridConfigEditor control,(absent → code default),default,agent/skill_execution_handlers.go:896; agent/skill_management_handlers.go:496; agent/skill_management_handlers.go:497; agent/skill_management_handlers.go:1138; agent/skill_management_handlers.go:2483; kernel/engine.go:81; kernel/engine_prompt.go:365; kernel/engine_prompt.go:373; +16 more; ,strategy field (grid_config.max_drawdown_pct),"no (Studio only, no guide)",LIVE
grid_config.stop_loss_pct,strategy,store/strategy.go:1881,float64,0,Studio GridConfigEditor control,(absent → code default),default,agent/skill_execution_handlers.go:902; agent/skill_management_handlers.go:499; agent/skill_management_handlers.go:500; agent/skill_management_handlers.go:1139; agent/skill_management_handlers.go:2484; store/grid.go:40; store/strategy.go:578; trader/auto_trader_grid_orders.go:362; +1 more,strategy field (grid_config.stop_loss_pct),"no (Studio only, no guide)",LIVE
grid_config.symbol,strategy,store/strategy.go:1861,string,"""""",Studio GridConfigEditor control,(absent → code default),default,agent/agent.go:895; agent/brain.go:52; agent/sentinel.go:27; agent/sentinel.go:82; agent/sentinel.go:83; agent/sentinel.go:196; agent/sentinel.go:210; agent/sentinel.go:219; +999 more; ,strategy field (grid_config.symbol),yes,LIVE
grid_config.total_investment,strategy,store/strategy.go:1865,float64,0,Studio GridConfigEditor control,(absent → code default),default,agent/skill_execution_handlers.go:860; agent/skill_management_handlers.go:484; agent/skill_management_handlers.go:485; agent/skill_management_handlers.go:1128; agent/skill_management_handlers.go:1185; agent/skill_management_handlers.go:1743; agent/skill_management_handlers.go:1800; agent/skill_management_handlers.go:2473; +17 more; ,strategy field (grid_config.total_investment),"no (Studio only, no guide)",LIVE
grid_config.upper_price,strategy,store/strategy.go:1869,float64,0,Studio GridConfigEditor control,(absent → code default),default,agent/skill_execution_handlers.go:866; agent/skill_management_handlers.go:508; agent/skill_management_handlers.go:1134; agent/skill_management_handlers.go:1749; agent/skill_management_handlers.go:1750; agent/skill_management_handlers.go:1806; agent/skill_management_handlers.go:1807; agent/skill_management_handlers.go:2480; +19 more; ,strategy field (grid_config.upper_price),"no (Studio only, no guide)",LIVE
grid_config.use_atr_bounds,strategy,store/strategy.go:1873,bool,false,Studio GridConfigEditor control,(absent → code default),default,agent/skill_execution_handlers.go:874; agent/skill_management_handlers.go:509; agent/skill_management_handlers.go:1131; agent/skill_management_handlers.go:1747; agent/skill_management_handlers.go:1804; agent/skill_management_handlers.go:2477; agent/skill_management_handlers.go:2513; store/grid.go:35; +3 more; ,strategy field (grid_config.use_atr_bounds),"no (Studio only, no guide)",LIVE
grid_config.use_maker_only,strategy,store/strategy.go:1885,bool,false,Studio GridConfigEditor control,(absent → code default),default,agent/skill_execution_handlers.go:910; agent/skill_management_handlers.go:2486; store/grid.go:67; store/strategy.go:580; trader/auto_trader_grid_orders.go:127,strategy field (grid_config.use_maker_only),"no (Studio only, no guide)",LIVE
language,strategy,store/strategy.go:722,string,"""en""",Studio control (DayPlanEditor / strategy row selector),"""en""",O,agent/agent.go:54; agent/agent.go:70; agent/agent.go:435; agent/agent.go:482; agent/central_brain.go:108; agent/central_brain.go:490; agent/central_brain.go:875; agent/central_brain.go:1109; +69 more; ,prompt language variant (en/zh); used at prompt build,"no (Studio only, no guide)",LIVE
prompt_variant,strategy,store/strategy.go:729,string,"""""",Studio control (DayPlanEditor / strategy row selector),(absent → code default),default,api/strategy.go:585; api/strategy.go:597; api/strategy.go:598; api/strategy.go:613; api/strategy.go:619; api/strategy.go:640; api/strategy.go:650; api/strategy.go:651; +12 more; ,prompt variant selection; futures venue rule leaves it unset,"n/a (no Studio control, no guide)",LIVE
publish_config,strategy,store/strategy.go:745,*PublishStrategyConfig,(object),(children),(object),—,—,(container — see child rows),n/a (container),LIVE
publish_config.config_visible,strategy,store/strategy.go:800,bool,false,Studio PublishSettingsEditor control,false,O,agent/skill_execution_handlers.go:2695; agent/skill_management_handlers.go:1724; agent/tools.go:996; agent/tools.go:1210; agent/tools.go:2000; agent/tools.go:2066; agent/tools.go:2111; agent/tools.go:2112; +15 more; ,strategy field (publish_config.config_visible),"n/a (no Studio control, no guide)",LIVE
publish_config.is_public,strategy,store/strategy.go:799,bool,false,Studio PublishSettingsEditor control,false,O,agent/skill_execution_handlers.go:2694; agent/skill_management_handlers.go:1718; agent/tools.go:995; agent/tools.go:1209; agent/tools.go:1999; agent/tools.go:2065; agent/tools.go:2107; agent/tools.go:2108; +14 more; ,strategy field (publish_config.is_public),"n/a (no Studio control, no guide)",LIVE
regime,strategy,store/strategy.go:758,*RegimeConfig,(object),(children),(object),—,—,(container — see child rows),n/a (container),LIVE
regime.htf_veto,strategy,store/strategy.go:767,*bool,(zero),no control (nil-driven resolution),(absent → code default),default,api/config_resolved.go:125; api/config_resolved.go:126; kernel/engine.go:132; kernel/engine.go:133; kernel/engine_position.go:261; kernel/engine_position.go:262; kernel/htf_veto.go:23; kernel/htf_veto.go:24; +20 more,regime-level HTF veto (nil-driven ON),"no (guide only, no Studio control)",LIVE
regime.transition_standdown,strategy,store/strategy.go:771,*bool,(zero),no control (nil-driven resolution),(absent → code default),default,kernel/engine_position.go:275; kernel/transition.go:88; kernel/transition.go:90; store/strategy.go:768; store/strategy.go:780; store/strategy.go:781; store/strategy.go:782; store/strategy.go:785; +4 more,regime-level transition standdown,"n/a (no Studio control, no guide)",LIVE
strategy_type,strategy,store/strategy.go:718,string,"""ai_trading""",Studio control (DayPlanEditor / strategy row selector),"""ai_trading""",O,agent/central_brain.go:1132; agent/central_brain.go:1138; agent/skill_execution_handlers.go:846; agent/skill_management_handlers.go:471; agent/skill_management_handlers.go:512; agent/skill_management_handlers.go:1116; agent/skill_management_handlers.go:1179; agent/skill_management_handlers.go:1732; +24 more; ,row selector: ai_trading vs grid_trading (custom MarshalJSON branch),"n/a (no Studio control, no guide)",LIVE
ACCEPT_HOLD_MIN,env,kernel/plan_confirm.go:199,string,"""""",n/a (env),(not set → code default),default,kernel/plan_confirm.go:199,env knob,yes,LIVE
ADHERENCE_REGRADE,env,store/adherence_regrade.go:60,string,"""""",n/a (env),(not set → code default),default,store/adherence_regrade.go:60,env knob,"n/a (env knob, no Studio control)",LIVE
AI_BALANCE_WARN,env,trader/auto_trader_ai402.go:83,string,"""""",n/a (env),(not set → code default),default,trader/auto_trader_ai402.go:83,AI client parameter (timeout/tokens/reasoning/stream),"n/a (env knob, no Studio control)",LIVE
AI_EXEC_REASONING,env,config/config.go:231,string,"""fast""",n/a (env),(not set → code default),default,config/config.go:231; trader/auto_trader_loop.go:56; trader/auto_trader_loop.go:61,executor reasoning effort (default fast),"n/a (env knob, no Studio control)",LIVE
AI_HTTP_TIMEOUT_SECONDS,env,mcp/config.go:99,string,"""""",n/a (env),600,E,mcp/config.go:99; mcp/config.go:173,executor AI HTTP timeout (live 600),yes,LIVE
AI_MAX_RETRIES,env,mcp/config.go:73,string,MaxRetryTimes,n/a (env),2,E,mcp/config.go:73; mcp/config.go:174,executor AI retries (live 2),yes,LIVE
AI_MAX_TOKENS,env,mcp/config.go:68,int,32768,n/a (env),<set>,E,mcp/config.go:68; mcp/config.go:165,executor AI max tokens (live <set>),"n/a (env knob, no Studio control)",LIVE
AI_PLAN_MAX_TOKENS,env,trader/auto_trader_planner.go:1530,string,"""""",n/a (env),(not set → code default),default,trader/auto_trader_planner.go:1530,AI client parameter (timeout/tokens/reasoning/stream),yes,LIVE
AI_PLAN_REASONING,env,config/config.go:232,string,"""max""",n/a (env),(not set → code default),default,config/config.go:232; trader/auto_trader_loop.go:68; trader/auto_trader_loop.go:73,planner reasoning effort (default max),"n/a (env knob, no Studio control)",LIVE
AI_PLAN_STREAM_BACKOFF,env,mcp/config.go:209,string,"""""",n/a (env),(not set → code default),default,mcp/config.go:209,AI client parameter (timeout/tokens/reasoning/stream),yes,LIVE
AI_PLAN_STREAM_IDLE_SECS,env,kernel/planner_speed.go:29,string,"""""",n/a (env),(not set → code default),default,kernel/planner_speed.go:29,AI client parameter (timeout/tokens/reasoning/stream),yes,LIVE
AI_PLAN_STREAM_TRIES,env,mcp/config.go:193,int,3,n/a (env),(not set → code default),default,mcp/config.go:193,AI client parameter (timeout/tokens/reasoning/stream),yes,LIVE
AI_PLAN_TOTAL_DEADLINE_SECS,env,kernel/planner_speed.go:49,string,"""""",n/a (env),(not set → code default),default,kernel/planner_speed.go:49,AI client parameter (timeout/tokens/reasoning/stream),yes,LIVE
AI_PLAN_TRACE,env,mcp/planner_policy.go:81,string,"""""",n/a (env),(not set → code default),default,mcp/planner_policy.go:81,AI client parameter (timeout/tokens/reasoning/stream),"n/a (env knob, no Studio control)",LIVE
AI_REASONING_EFFORT,env,mcp/config.go:72,string,"""max""",n/a (env),(not set → code default),default,mcp/config.go:72; mcp/config.go:177,AI client parameter (timeout/tokens/reasoning/stream),"n/a (env knob, no Studio control)",LIVE
AI_REPLANNER_MAX_TOKENS,env,agent/memory.go:60,string,"""""",n/a (env),(not set → code default),default,agent/memory.go:60,AI client parameter (timeout/tokens/reasoning/stream),"n/a (env knob, no Studio control)",LIVE
AI_RETRY_BACKOFF_SECONDS,env,mcp/config.go:74,int,2,n/a (env),(not set → code default),default,mcp/config.go:74; mcp/config.go:175,AI client parameter (timeout/tokens/reasoning/stream),"n/a (env knob, no Studio control)",LIVE
AI_STREAM_IDLE_TIMEOUT_SECS,env,mcp/client.go:1128,string,"""""",n/a (env),(not set → code default),default,mcp/client.go:1128,AI client parameter (timeout/tokens/reasoning/stream),"n/a (env knob, no Studio control)",LIVE
AI_TASKSTATE_INCREMENTAL_MAX_TOKENS,env,agent/memory.go:59,string,"""""",n/a (env),(not set → code default),default,agent/memory.go:59,AI client parameter (timeout/tokens/reasoning/stream),"n/a (env knob, no Studio control)",LIVE
AI_TASKSTATE_SUMMARY_MAX_TOKENS,env,agent/memory.go:58,string,"""""",n/a (env),(not set → code default),default,agent/memory.go:58,AI client parameter (timeout/tokens/reasoning/stream),"n/a (env knob, no Studio control)",LIVE
AI_TEMPERATURE,env,mcp/config.go:69,string,MCPClientTemperature,n/a (env),(not set → code default),default,mcp/config.go:69; mcp/config.go:166,AI client parameter (timeout/tokens/reasoning/stream),"n/a (env knob, no Studio control)",LIVE
AI_TIMEOUT_SECONDS,env,mcp/config.go:104,int,300,n/a (env),(not set → code default),default,mcp/config.go:104; mcp/config.go:173,AI client parameter (timeout/tokens/reasoning/stream),"n/a (env knob, no Studio control)",LIVE
AI_TOP_P,env,mcp/config.go:70,int,0,n/a (env),(not set → code default),default,mcp/config.go:70; mcp/config.go:167,AI client parameter (timeout/tokens/reasoning/stream),"n/a (env knob, no Studio control)",LIVE
ALLOW_ACCOUNT_RESET,env,api/handler_user.go:300,string,"""""",n/a (env),(not set → code default),default,api/handler_user.go:300,env knob,"n/a (env knob, no Studio control)",LIVE
ALPACA_API_KEY,env,config/config.go:205,string,"""""",n/a (env),(not set → code default),default,config/config.go:205,test/demo credentials,"n/a (env knob, no Studio control)",LIVE
ALPACA_SECRET_KEY,env,config/config.go:206,string,"""""",n/a (env),(not set → code default),default,config/config.go:206,test/demo credentials,"n/a (env knob, no Studio control)",LIVE
ANTHROPIC_API_KEY,env,telegram/bot.go:421,string,"""""",n/a (env),(not set → code default),default,telegram/bot.go:421,test/demo credentials,"n/a (env knob, no Studio control)",LIVE
API_SERVER_HOST,env,config/config.go:184,string,"""""",n/a (env),(not set → code default),default,config/config.go:184,env knob,"n/a (env knob, no Studio control)",LIVE
API_SERVER_PORT,env,config/config.go:175,string,"""""",n/a (env),(not set → code default),default,config/config.go:175,env knob,"n/a (env knob, no Studio control)",LIVE
ARMED_CANCEL_ACK_TIMEOUT_MS,env,trader/armed_executor.go:2566,string,"""""",n/a (env),(not set → code default),default,trader/armed_executor.go:2566,armed-orders placement/retirement knob,"n/a (env knob, no Studio control)",LIVE
ARMED_ORDER_UPDATE_LOG_SAMPLE,env,trader/armed_executor.go:2180,string,"""""",n/a (env),(not set → code default),default,trader/armed_executor.go:2180,armed-orders placement/retirement knob,"n/a (env knob, no Studio control)",LIVE
ARMED_TEST_SEAM,env,trader/armed_executor.go:2816,string,"""""",n/a (env),off,E,trader/armed_executor.go:2816,armed-orders test seam (live off),"n/a (env knob, no Studio control)",LIVE
ARM_FAR_ATR_MULT,env,trader/arm_far_counter.go:37,string,"""""",n/a (env),(not set → code default),default,trader/arm_far_counter.go:37,armed-orders placement/retirement knob,"n/a (env knob, no Studio control)",LIVE
ARM_PLACE_TICKS,env,trader/armed_executor.go:47,string,"""""",n/a (env),(not set → code default),default,trader/armed_executor.go:47,armed-orders placement/retirement knob,"n/a (env knob, no Studio control)",LIVE
ARM_STOP_ANCHOR_MAX_ATR,env,trader/arm_stop_anchor.go:43,string,"""""",n/a (env),(not set → code default),default,trader/arm_stop_anchor.go:43,armed-orders placement/retirement knob,"n/a (env knob, no Studio control)",LIVE
ARM_WORKING_STALE_MIN,env,trader/armed_executor.go:124,string,"""""",n/a (env),(not set → code default),default,trader/armed_executor.go:124,armed-orders placement/retirement knob,"n/a (env knob, no Studio control)",LIVE
BARS_KEY_BACKUP_DIR,env,store/bar_contract_key.go:218,string,"""""",n/a (env),(not set → code default),default,store/bar_contract_key.go:218,bar cache/persistence knob,"n/a (env knob, no Studio control)",LIVE
BARS_KEY_LIVE_COPY,env,store/bar_contract_key_test.go:428,string,"""""",n/a (env),(not set → code default),default,store/bar_contract_key_test.go:428,bar cache/persistence knob,"n/a (env knob, no Studio control)",LIVE
BARS_KEY_LIVE_COPY_INPLACE,env,store/bar_contract_key_test.go:433,string,"""""",n/a (env),(not set → code default),default,store/bar_contract_key_test.go:433,bar cache/persistence knob,"n/a (env knob, no Studio control)",LIVE
BAR_RETENTION_DAYS,env,store/bar_history.go:136,string,"""""",n/a (env),(not set → code default),default,store/bar_history.go:136,bar cache/persistence knob,"n/a (env knob, no Studio control)",LIVE
BAR_UPDATE_LOG_SAMPLE,env,provider/ninjatrader/tcp_server.go:700,string,"""""",n/a (env),(not set → code default),default,provider/ninjatrader/tcp_server.go:700,bar cache/persistence knob,"n/a (env knob, no Studio control)",LIVE
BD_MAX_LEVEL_DIST_ATR,env,kernel/breakdown_continue.go:75,string,"""""",n/a (env),(not set → code default),default,kernel/breakdown_continue.go:75,breakdown entry-law knob,"n/a (env knob, no Studio control)",LIVE
BD_MAX_PULLBACK,env,kernel/breakdown_continue.go:53,string,"""""",n/a (env),(not set → code default),default,kernel/breakdown_continue.go:53,breakdown entry-law knob,"n/a (env knob, no Studio control)",LIVE
BD_MIN_CLOSES,env,kernel/breakdown_continue.go:66,string,"""""",n/a (env),(not set → code default),default,kernel/breakdown_continue.go:66,breakdown entry-law knob,yes,LIVE
BD_MIN_DISP_ATR,env,kernel/breakdown_continue.go:44,string,"""""",n/a (env),(not set → code default),default,kernel/breakdown_continue.go:44,breakdown entry-law knob,yes,LIVE
BD_MIN_SL_ATR,env,kernel/breakdown_continue.go:87,string,"""""",n/a (env),(not set → code default),default,kernel/breakdown_continue.go:87,breakdown entry-law knob,"n/a (env knob, no Studio control)",LIVE
BINANCE_LIVE_TEST,env,trader/binance/order_sync_test.go:12,string,"""""",n/a (env),(not set → code default),default,trader/binance/order_sync_test.go:12,test/demo credentials,"n/a (env knob, no Studio control)",LIVE
BINANCE_TEST_API_KEY,env,trader/binance/order_sync_test.go:18,string,"""""",n/a (env),(not set → code default),default,trader/binance/order_sync_test.go:18,test/demo credentials,"n/a (env knob, no Studio control)",LIVE
BINANCE_TEST_SECRET_KEY,env,trader/binance/order_sync_test.go:19,string,"""""",n/a (env),(not set → code default),default,trader/binance/order_sync_test.go:19,test/demo credentials,"n/a (env knob, no Studio control)",LIVE
CANCEL_CONFIRM_TIMEOUT_S,env,trader/cancel_confirm.go:219,string,"""""",n/a (env),(not set → code default),default,trader/cancel_confirm.go:219,env knob,"n/a (env knob, no Studio control)",LIVE
CANCEL_REREQUEST_MAX,env,trader/cancel_confirm.go:230,string,"""""",n/a (env),(not set → code default),default,trader/cancel_confirm.go:230,env knob,"n/a (env knob, no Studio control)",LIVE
CENSUS_FAILLOUD_ROOT,env,internal/updateauth/census_failloud_test.go:25,string,"""""",n/a (env),(not set → code default),default,internal/updateauth/census_failloud_test.go:25,test-harness golden/replay knob,"n/a (env knob, no Studio control)",LIVE
CHART_ROLL_STITCH,env,api/handler_klines_roll_derive.go:26,string,"""""",n/a (env),(not set → code default),default,api/handler_klines_roll_derive.go:26,env knob,yes,LIVE
CLAW402_URL,env,kernel/engine.go:395,string,"""""",n/a (env),(not set → code default),default,kernel/engine.go:395,Claw402 payment-provider knob,"n/a (env knob, no Studio control)",LIVE
CLAW402_WALLET_ADDRESS,env,api/handler_onboarding.go:137,string,"""""",n/a (env),<set>,E,api/handler_onboarding.go:137,Claw402 payment-provider knob,"n/a (env knob, no Studio control)",LIVE
CLAW402_WALLET_KEY,env,kernel/engine.go:392,string,"""""",n/a (env),<set>,E,kernel/engine.go:392; provider/nofxos/claw402.go:36,Claw402 payment-provider knob,"n/a (env knob, no Studio control)",LIVE
CLOCK_WARN_MS,env,kernel/clock_health.go:39,string,"""""",n/a (env),(not set → code default),default,kernel/clock_health.go:39,env knob,"n/a (env knob, no Studio control)",LIVE
CONFIRM_GRACE_SESSIONS,env,trader/auto_trader_planner.go:3813,string,"""""",n/a (env),(not set → code default),default,trader/auto_trader_planner.go:3813,cancel-confirmation knob,"n/a (env knob, no Studio control)",LIVE
CONFIRM_REPLAY_WRITE_GOLDEN,env,kernel/confirm_resolver_replay_test.go:114,string,"""""",n/a (env),(not set → code default),default,kernel/confirm_resolver_replay_test.go:114,test-harness golden/replay knob,"n/a (env knob, no Studio control)",LIVE
CONFLUENCE_CAP,env,kernel/levels_score.go:218,string,"""""",n/a (env),(not set → code default),default,kernel/levels_score.go:218,env knob,"n/a (env knob, no Studio control)",LIVE
DATABENTO_API_KEY,env,config/config.go:210,string,"""""",n/a (env),<set>,E,cmd/nq_smoke/main.go:55; cmd/nq_smoke/smoke_databento.go:19; cmd/nq_smoke/smoke_resolver.go:18; config/config.go:210; provider/databento/client.go:59,Databento key — historical/backfill only; NT8 is the live source,"n/a (env knob, no Studio control)",LIVE
DB_HOST,env,config/config.go:251,string,"""""",n/a (env),(not set → code default),default,config/config.go:251; store/driver.go:80,env knob,"n/a (env knob, no Studio control)",LIVE
DB_NAME,env,config/config.go:265,string,"""""",n/a (env),(not set → code default),default,config/config.go:265; store/driver.go:84,env knob,"n/a (env knob, no Studio control)",LIVE
DB_PASSWORD,env,config/config.go:262,string,"""""",n/a (env),(not set → code default),default,config/config.go:262; store/driver.go:83,env knob,"n/a (env knob, no Studio control)",LIVE
DB_PATH,env,internal/installpath/installpath.go:112,string,"""""",n/a (env),data/data.db,E,internal/installpath/installpath.go:112; store/driver.go:70,env knob,"n/a (env knob, no Studio control)",LIVE
DB_PORT,env,config/config.go:254,string,"""""",n/a (env),(not set → code default),default,config/config.go:254; store/driver.go:75,env knob,"n/a (env knob, no Studio control)",LIVE
DB_SSLMODE,env,config/config.go:268,string,"""""",n/a (env),(not set → code default),default,config/config.go:268; store/driver.go:85,env knob,"n/a (env knob, no Studio control)",LIVE
DB_TYPE,env,config/config.go:242,string,"""""",n/a (env),sqlite,E,config/config.go:242; store/driver.go:66,env knob,"n/a (env knob, no Studio control)",LIVE
DB_USER,env,config/config.go:259,string,"""""",n/a (env),(not set → code default),default,config/config.go:259; store/driver.go:82,env knob,"n/a (env knob, no Studio control)",LIVE
DEEPSEEK_API_KEY,env,telegram/bot.go:419,string,"""""",n/a (env),(not set → code default),default,telegram/bot.go:419,env knob,"n/a (env knob, no Studio control)",LIVE
DEEPSEEK_THINKING_MODE,env,mcp/config.go:71,string,"""enabled""",n/a (env),(not set → code default),default,mcp/config.go:71; mcp/config.go:176,env knob,"n/a (env knob, no Studio control)",LIVE
DETECTOR_EXIT_ON,env,kernel/detector_d1prime.go:66,string,"""""",n/a (env),(not set → code default),default,kernel/detector_d1prime.go:66,env knob,"n/a (env knob, no Studio control)",LIVE
DETECTOR_HORIZON_BARS,env,store/episode_detector_scope.go:27,string,"""""",n/a (env),(not set → code default),default,store/episode_detector_scope.go:27,env knob,"n/a (env knob, no Studio control)",LIVE
DETECTOR_K,env,store/episode_detector_scope.go:18,string,"""""",n/a (env),(not set → code default),default,store/episode_detector_scope.go:18,env knob,"n/a (env knob, no Studio control)",LIVE
DORMANT_MIN_HOLD_MIN,env,kernel/plan_lifecycle.go:369,string,"""""",n/a (env),(not set → code default),default,kernel/plan_lifecycle.go:369,env knob,"n/a (env knob, no Studio control)",LIVE
E8_BACKFILL,env,store/ab_confirm.go:384,string,"""""",n/a (env),(not set → code default),default,store/ab_confirm.go:384,env knob,"n/a (env knob, no Studio control)",LIVE
EOD_FLAT_LIMIT_TICKS,env,config/config.go:226,int,0,n/a (env),2,E,config/config.go:226,EOD limit-close ticks (live 2),yes,LIVE
EOD_FLAT_MARKET_AFTER_SEC,env,config/config.go:227,int,0,n/a (env),10,E,config/config.go:227,EOD market-close after seconds (live 10),yes,LIVE
EXIT_MECHS_SUSPENDED,env,trader/exit_mechs_suspend.go:37,string,0,n/a (env),0,E,trader/exit_mechs_suspend.go:37,exit-mechs suspension switch (0 = unsuspended); saved prompt text claims SUSPENDED (P2-1),yes,LIVE
EXPERIENCE_IMPROVEMENT,env,config/config.go:200,string,"""""",n/a (env),(not set → code default),default,config/config.go:200,env knob,"n/a (env knob, no Studio control)",LIVE
FAST_MARKET_ATR,env,trader/auto_trader_loop.go:81,string,"""""",n/a (env),(not set → code default),default,trader/auto_trader_loop.go:81,env knob,yes,LIVE
FAST_MARKET_REASONING,env,trader/auto_trader_loop.go:92,string,max (last .env occurrence wins; all 4 are max),n/a (env),max (4 dup keys in .env),E,trader/auto_trader_loop.go:92; trader/auto_trader_loop.go:97,"fast-market AI reasoning effort — 4 duplicate .env keys, all max (loader last-wins)",yes,CONFLICT
FLIP_ATR_BUFFER,env,config/config.go:229,float,0.5,n/a (env),(not set → code default),default,config/config.go:229; kernel/plan_lifecycle.go:345,env knob,"n/a (env knob, no Studio control)",LIVE
FLIP_CONFIRM_CLOSES,env,config/config.go:230,int,2,n/a (env),(not set → code default),default,config/config.go:230; kernel/plan_lifecycle.go:356,env knob,"n/a (env knob, no Studio control)",LIVE
FLIP_EVAL_MAX_STALE_S,env,kernel/flip_freshness.go:42,string,"""""",n/a (env),(not set → code default),default,kernel/flip_freshness.go:42,env knob,"n/a (env knob, no Studio control)",LIVE
FLIP_MIN_HOLD_MIN,env,kernel/flip_freshness.go:31,string,"""""",n/a (env),(not set → code default),default,kernel/flip_freshness.go:31,env knob,"n/a (env knob, no Studio control)",LIVE
FVG_CE_WIDTH_PTS,env,kernel/fvg_entry.go:41,string,"""""",n/a (env),(not set → code default),default,kernel/fvg_entry.go:41,env knob,"n/a (env knob, no Studio control)",LIVE
FVG_ENTRY_LOOKBACK_BARS,env,kernel/fvg_entry.go:280,string,"""""",n/a (env),(not set → code default),default,kernel/fvg_entry.go:280,env knob,"n/a (env knob, no Studio control)",LIVE
FVG_ENTRY_MIN_DISP_ATR,env,kernel/fvg_entry.go:27,string,"""""",n/a (env),(not set → code default),default,kernel/fvg_entry.go:27,env knob,yes,LIVE
GOROOT,env,cmd/gate-jwt/main_pin_test.go:92,string,"""""",n/a (env),(not set → code default),default,telegram/bot_goroutine_test.go:153; cmd/gate-jwt/main_pin_test.go:92,env knob,"n/a (env knob, no Studio control)",LIVE
HISTORICAL_IMPORT_SEAM,env,trader/historical_import.go:37,string,"""""",n/a (env),on,E,trader/historical_import.go:37,historical import seam (live on),"n/a (env knob, no Studio control)",LIVE
HISTORICAL_IMPORT_TIMEOUT_MIN,env,trader/historical_import.go:45,string,"""""",n/a (env),(not set → code default),default,trader/historical_import.go:45,env knob,"n/a (env knob, no Studio control)",LIVE
HOME,env,cmd/nofx-activate/main.go:83,string,"""""",n/a (env),(not set → code default),default,cmd/nofx-activate/main.go:83,env knob,"n/a (env knob, no Studio control)",LIVE
HTF_VETO_MODE,env,kernel/htf_veto.go:41,string,"""""",n/a (env),cross,E,kernel/htf_veto.go:41; kernel/htf_veto.go:48,HTF veto mode (live cross),yes,LIVE
HTF_VETO_TF,env,kernel/htf_veto.go:25,string,"""""",n/a (env),(not set → code default),default,kernel/htf_veto.go:25,env knob,yes,LIVE
IDENTITY_WRITE_GOLDEN,env,kernel/identity_output_parity_test.go:36,string,"""""",n/a (env),(not set → code default),default,kernel/identity_output_parity_test.go:36,test-harness golden/replay knob,"n/a (env knob, no Studio control)",LIVE
INDODAX_TEST_API_KEY,env,trader/indodax/trader_test.go:13,string,"""""",n/a (env),(not set → code default),default,trader/indodax/trader_test.go:13,test/demo credentials,"n/a (env knob, no Studio control)",LIVE
INDODAX_TEST_SECRET_KEY,env,trader/indodax/trader_test.go:14,string,"""""",n/a (env),(not set → code default),default,trader/indodax/trader_test.go:14,test/demo credentials,"n/a (env knob, no Studio control)",LIVE
INGEST_QUEUE_CAP,env,provider/ninjatrader/tcp_server.go:633,string,"""""",n/a (env),(not set → code default),default,provider/ninjatrader/tcp_server.go:633,env knob,yes,LIVE
JWT_SECRET,env,config/config.go:165,string,"""""",n/a (env),<set>,E,cmd/gate-jwt/main.go:58; config/config.go:165,env knob,"n/a (env knob, no Studio control)",LIVE
KNOB_PRUNE_WRITE_GOLDEN,env,kernel/knob_prune_pin_test.go:41,string,"""""",n/a (env),(not set → code default),default,kernel/knob_prune_pin_test.go:41; trader/knob_prune_pin_test.go:51,test-harness golden/replay knob,"n/a (env knob, no Studio control)",LIVE
KUCOIN_TEST_API_KEY,env,trader/kucoin/order_sync_test.go:13,string,"""""",n/a (env),(not set → code default),default,trader/kucoin/order_sync_test.go:13,test/demo credentials,"n/a (env knob, no Studio control)",LIVE
KUCOIN_TEST_PASSPHRASE,env,trader/kucoin/order_sync_test.go:15,string,"""""",n/a (env),(not set → code default),default,trader/kucoin/order_sync_test.go:15,test/demo credentials,"n/a (env knob, no Studio control)",LIVE
KUCOIN_TEST_SECRET_KEY,env,trader/kucoin/order_sync_test.go:14,string,"""""",n/a (env),(not set → code default),default,trader/kucoin/order_sync_test.go:14,test/demo credentials,"n/a (env knob, no Studio control)",LIVE
LEVELSTATS_PROOF_DB,env,trader/ninjatrader/level_stats_nightly_test.go:110,string,"""""",n/a (env),(not set → code default),default,trader/ninjatrader/level_stats_nightly_test.go:110,test-harness golden/replay knob,"n/a (env knob, no Studio control)",LIVE
LEVELSTATS_PROOF_NOW,env,trader/ninjatrader/level_stats_nightly_test.go:115,string,"""""",n/a (env),(not set → code default),default,trader/ninjatrader/level_stats_nightly_test.go:115,test-harness golden/replay knob,"n/a (env knob, no Studio control)",LIVE
LEVELSTATS_PROOF_TRADER,env,trader/ninjatrader/level_stats_nightly_test.go:111,string,"""""",n/a (env),(not set → code default),default,trader/ninjatrader/level_stats_nightly_test.go:111,test-harness golden/replay knob,"n/a (env knob, no Studio control)",LIVE
LEVEL_ROLE_MAP,env,main.go:362,string,"""""",n/a (env),(not set → code default),default,main.go:362,env knob,yes,LIVE
LIGHTER_API_KEY,env,trader/lighter/integration_test.go:22,string,"""""",n/a (env),(not set → code default),default,trader/lighter/integration_test.go:22; trader/lighter/integration_test.go:38; trader/lighter/integration_test.go:539; trader/lighter/integration_test.go:560,env knob,"n/a (env knob, no Studio control)",LIVE
LIGHTER_API_KEY_INDEX,env,trader/lighter/integration_test.go:25,string,"""""",n/a (env),(not set → code default),default,trader/lighter/integration_test.go:25,env knob,"n/a (env knob, no Studio control)",LIVE
LIGHTER_TEST,env,trader/lighter/integration_test.go:32,string,"""""",n/a (env),(not set → code default),default,trader/lighter/integration_test.go:32; trader/lighter/integration_test.go:539; trader/lighter/integration_test.go:560,test/demo credentials,"n/a (env knob, no Studio control)",LIVE
LIGHTER_TRADE_TEST,env,trader/lighter/integration_test.go:337,string,"""""",n/a (env),(not set → code default),default,trader/lighter/integration_test.go:337; trader/lighter/integration_test.go:386; trader/lighter/integration_test.go:755; trader/lighter/integration_test.go:795; trader/lighter/integration_test.go:837; trader/lighter/integration_test.go:982; trader/lighter/integration_test.go:1016,test/demo credentials,"n/a (env knob, no Studio control)",LIVE
LIGHTER_WALLET,env,trader/lighter/integration_test.go:21,string,"""""",n/a (env),(not set → code default),default,trader/lighter/integration_test.go:21; trader/lighter/integration_test.go:35,env knob,"n/a (env knob, no Studio control)",LIVE
LIVE_CONDITIONS,env,kernel/condition_status.go:111,string,"""""",n/a (env),(not set → code default),default,kernel/condition_status.go:111,env knob,yes,LIVE
LOG_DB_RETENTION_DAYS,env,main.go:118,string,"""""",n/a (env),(not set → code default),default,main.go:118; store/log_event.go:76,env knob,"n/a (env knob, no Studio control)",LIVE
MIN_SL_ATR_MULT,env,kernel/min_sl.go:45,string,"""""",n/a (env),(not set → code default),default,kernel/min_sl.go:45,env knob,yes,LIVE
MSS_MIN_DISP_ATR,env,kernel/mss.go:24,string,"""""",n/a (env),(not set → code default),default,kernel/mss.go:24,env knob,yes,LIVE
NINJATRADER_DATA_DIR,env,cmd/nq_smoke/main.go:59,string,"""""",n/a (env),<set>,E,cmd/nq_smoke/main.go:59,legacy CSV bridge path; live TCP path does not use it,"n/a (env knob, no Studio control)",LIVE
NOCHASE_MAX_DIST_ATR,env,trader/no_chase.go:72,string,"""""",n/a (env),(not set → code default),default,trader/no_chase.go:72,env knob,"n/a (env knob, no Studio control)",LIVE
NOCHASE_MAX_RUN_PTS,env,trader/no_chase.go:84,string,"""""",n/a (env),(not set → code default),default,trader/no_chase.go:84,env knob,"n/a (env knob, no Studio control)",LIVE
NOFX_BAR_SCALE_MISMATCH_MULT,env,provider/ninjatrader/bar_source.go:51,float,"""""",n/a (env),(not set → code default),default,provider/ninjatrader/bar_source.go:51,env knob,"n/a (env knob, no Studio control)",LIVE
NOFX_BAR_SCALE_MISMATCH_PCT,env,provider/ninjatrader/bar_source.go:48,float,"""""",n/a (env),(not set → code default),default,provider/ninjatrader/bar_source.go:48,env knob,"n/a (env knob, no Studio control)",LIVE
NOFX_CALENDAR_STATIC,env,trader/auto_trader_calendar.go:117,string,"""""",n/a (env),(not set → code default),default,trader/auto_trader_calendar.go:117,env knob,"n/a (env knob, no Studio control)",LIVE
NOFX_CHART_ACROSS_ROLL,env,api/handler_klines.go:572,string,"""""",n/a (env),(not set → code default),default,api/handler_klines.go:572,env knob,yes,LIVE
NOFX_CLOCK_STATE,env,kernel/clock_health.go:146,string,"""""",n/a (env),(not set → code default),default,kernel/clock_health.go:146,env knob,"n/a (env knob, no Studio control)",LIVE
NOFX_DB_PATH,env,cmd/levelstats-backfill/main.go:35,string,"""""",n/a (env),(not set → code default),default,cmd/levelstats-backfill/main.go:35,env knob,"n/a (env knob, no Studio control)",LIVE
NOFX_DEMO_DB,env,trader/demo_seed_test.go:121,string,"""""",n/a (env),(not set → code default),default,trader/demo_verify_test.go:26; trader/demo_seed_test.go:121,test-harness golden/replay knob,"n/a (env knob, no Studio control)",LIVE
NOFX_DEMO_SEED,env,trader/demo_seed_test.go:114,string,"""""",n/a (env),(not set → code default),default,trader/demo_seed_test.go:114,test-harness golden/replay knob,"n/a (env knob, no Studio control)",LIVE
NOFX_DEMO_TRADER,env,trader/demo_seed_test.go:117,string,"""""",n/a (env),(not set → code default),default,trader/demo_seed_test.go:117,test-harness golden/replay knob,"n/a (env knob, no Studio control)",LIVE
NOFX_DEMO_VERIFY,env,trader/demo_verify_test.go:23,string,"""""",n/a (env),(not set → code default),default,trader/demo_verify_test.go:23,test-harness golden/replay knob,"n/a (env knob, no Studio control)",LIVE
NOFX_EXPECTED_REVISION,env,kernel/boot_integrity.go:88,string,"""""",n/a (env),(not set → code default),default,kernel/boot_integrity.go:88,env knob,"n/a (env knob, no Studio control)",LIVE
NOFX_REHEARSAL,env,trader/acceptance_rehearsal_test.go:115,string,"""""",n/a (env),(not set → code default),default,trader/acceptance_rehearsal_test.go:115,test-harness golden/replay knob,"n/a (env knob, no Studio control)",LIVE
NOFX_REHEARSAL_BASE,env,trader/acceptance_rehearsal_test.go:126,string,"""""",n/a (env),(not set → code default),default,trader/acceptance_rehearsal_test.go:126,test-harness golden/replay knob,"n/a (env knob, no Studio control)",LIVE
NOFX_REHEARSAL_DB,env,trader/acceptance_rehearsal_test.go:118,string,"""""",n/a (env),(not set → code default),default,trader/acceptance_rehearsal_test.go:118,test-harness golden/replay knob,"n/a (env knob, no Studio control)",LIVE
NOFX_REHEARSAL_OUT,env,trader/acceptance_rehearsal_test.go:122,string,"""""",n/a (env),(not set → code default),default,trader/acceptance_rehearsal_test.go:122,test-harness golden/replay knob,"n/a (env knob, no Studio control)",LIVE
NOFX_REHEARSAL_TRADER,env,trader/acceptance_rehearsal_test.go:130,string,"""""",n/a (env),(not set → code default),default,trader/acceptance_rehearsal_test.go:130,test-harness golden/replay knob,"n/a (env knob, no Studio control)",LIVE
NOFX_RELEASE_DIR,env,internal/installpath/releasedir.go:38,string,"""""",n/a (env),(not set → code default),default,internal/installpath/releasedir.go:38,env knob,yes,LIVE
NOFX_TRADER_ID,env,cmd/levelstats-backfill/main.go:41,string,"""""",n/a (env),(not set → code default),default,cmd/levelstats-backfill/main.go:41,env knob,"n/a (env knob, no Studio control)",LIVE
NT8_ORDER_SNAPSHOT_SECS,env,trader/f12_leg4.go:222,string,"""""",n/a (env),(not set → code default),default,trader/f12_leg4.go:222,env knob,"n/a (env knob, no Studio control)",LIVE
NT_ALLOWED_ACCOUNTS,env,config/config.go:215,string,"""""",n/a (env),(not set → code default),default,config/config.go:215,NinjaTrader bridge knob,"n/a (env knob, no Studio control)",LIVE
NT_EXTRA_SYMBOLS,env,trader/ninjatrader/transport.go:139,string,"""""",n/a (env),ES,E,trader/ninjatrader/transport.go:139,extra NT symbols (live ES),"n/a (env knob, no Studio control)",LIVE
NT_RUNTIME_SYMBOLS,env,api/handler_debug.go:18,string,"""""",n/a (env),true,E,api/handler_debug.go:18,runtime symbol discovery (live true),"n/a (env knob, no Studio control)",LIVE
NT_TCP_LISTEN_ADDR,env,provider/ninjatrader/tcp_server.go:688,string,"""""",n/a (env),(not set → code default),default,provider/ninjatrader/tcp_server.go:688,NinjaTrader bridge knob,"n/a (env knob, no Studio control)",LIVE
OB_LOOKBACK_BARS,env,kernel/levels_zones.go:306,string,"""""",n/a (env),(not set → code default),default,kernel/levels_zones.go:306,env knob,"n/a (env knob, no Studio control)",LIVE
ONE_SETUP_GOLDEN_WRITE,env,trader/one_setup_golden_fixture_test.go:189,string,"""""",n/a (env),(not set → code default),default,trader/one_setup_golden_fixture_test.go:189,test-harness golden/replay knob,"n/a (env knob, no Studio control)",LIVE
OPENAI_API_KEY,env,telegram/bot.go:420,string,"""""",n/a (env),(not set → code default),default,telegram/bot.go:420,env knob,"n/a (env knob, no Studio control)",LIVE
PATH,env,internal/updaterworker/releasefixture/releasefixture.go:47,string,"""""",n/a (env),(not set → code default),default,internal/updaterworker/releasefixture/releasefixture.go:47,env knob,"n/a (env knob, no Studio control)",LIVE
PERSIST_STALL_WATCHDOG_S,env,provider/ninjatrader/bar_persist.go:32,string,"""""",n/a (env),(not set → code default),default,provider/ninjatrader/bar_persist.go:32,env knob,yes,LIVE
PLANNER_CANDLES,env,kernel/weekly_knobs.go:122,string,"""""",n/a (env),(not set → code default),default,kernel/weekly_knobs.go:122,env knob,yes,LIVE
POSITION_RECONCILE,env,trader/position_desync.go:35,string,"""""",n/a (env),(not set → code default),default,trader/position_desync.go:35,env knob,"n/a (env knob, no Studio control)",LIVE
POST_EXIT_DELAY_MS,env,trader/auto_trader_postexit.go:39,string,"""""",n/a (env),(not set → code default),default,trader/auto_trader_postexit.go:39,env knob,"n/a (env knob, no Studio control)",LIVE
POST_EXIT_RESCAN,env,trader/auto_trader_postexit.go:31,string,"""""",n/a (env),(not set → code default),default,trader/auto_trader_postexit.go:31,env knob,"n/a (env knob, no Studio control)",LIVE
RESEARCH_RETAIN_DAYS,env,researchsnapshot/volume.go:146,string,"""""",n/a (env),(not set → code default),default,researchsnapshot/volume.go:146,env knob,yes,LIVE
RESEARCH_SNAPSHOT,env,researchsnapshot/runtime.go:62,string,"""""",n/a (env),(not set → code default),default,researchsnapshot/runtime.go:62; researchsnapshot/runtime.go:67,env knob,yes,LIVE
RETEST_WAIT_BARS,env,kernel/entry_law.go:155,string,"""""",n/a (env),(not set → code default),default,kernel/entry_law.go:155,env knob,yes,LIVE
RETRY_MODE,env,kernel/planner_speed.go:13,string,"""""",n/a (env),(not set → code default),default,kernel/planner_speed.go:13,env knob,yes,LIVE
RISK_MAX_CONCURRENT_TRADES,env,config/config.go:224,int,2,n/a (env),(not set → code default),default,config/config.go:224,server-side concurrent trades backstop (default 2),"n/a (env knob, no Studio control)",LIVE
RISK_MAX_DAILY_LOSS_USD,env,config/config.go:223,int,500,n/a (env),(not set → code default),default,config/config.go:223,server-side daily loss backstop (default 500),yes,LIVE
RISK_MAX_NOTIONAL_USD,env,config/config.go:236,string,50_000,n/a (env),(not set → code default),default,config/config.go:236,server-side notional backstop (default 50k; loaded but enforced nowhere per config.go 6.8 note),"n/a (env knob, no Studio control)",LIVE
ROLL_BLOCK_DAYS_BEFORE_EXPIRY,env,trader/contract_roll.go:48,string,"""""",n/a (env),(not set → code default),default,trader/contract_roll.go:48,env knob,"n/a (env knob, no Studio control)",LIVE
SANDBOX_LLM,env,api/sandbox.go:24,string,"""""",n/a (env),(not set → code default),default,api/sandbox.go:24,sandbox knob,"n/a (env knob, no Studio control)",LIVE
SANDBOX_MODE,env,config/config.go:245,string,"""""",n/a (env),(not set → code default),default,api/sandbox.go:17; config/config.go:245,sandbox knob,"n/a (env knob, no Studio control)",LIVE
SESSION_EXTREME_ATR_K,env,kernel/map_projections.go:33,string,"""""",n/a (env),(not set → code default),default,kernel/map_projections.go:33,env knob,yes,LIVE
SHADOW_AB_ENABLED,env,trader/rootfix_shadow_ab.go:33,string,"""""",n/a (env),(not set → code default),default,trader/rootfix_shadow_ab.go:33,env knob,yes,LIVE
SHADOW_AB_N,env,trader/rootfix_shadow_ab.go:41,string,"""""",n/a (env),(not set → code default),default,trader/rootfix_shadow_ab.go:41,env knob,yes,LIVE
SHADOW_CONDITIONS,env,kernel/condition_status.go:119,string,"""""",n/a (env),(not set → code default),default,kernel/condition_status.go:119,env knob,yes,LIVE
SPLIT_ARM_TEST_CLOCK_CT,env,trader/split_entry_test.go:375,string,"""""",n/a (env),(not set → code default),default,trader/split_entry_test.go:375,test/demo credentials,"n/a (env knob, no Studio control)",LIVE
STAGE_A_CONTRACT_CAP,env,kernel/risk_limits.go:460,string,"""""",n/a (env),(not set → code default),default,kernel/risk_limits.go:460,test-harness golden/replay knob,yes,LIVE
STAGE_A_PARITY_OUT,env,kernel/stage_a_parity_test.go:35,string,"""""",n/a (env),(not set → code default),default,kernel/stage_a_parity_test.go:35,test-harness golden/replay knob,"n/a (env knob, no Studio control)",LIVE
STALE_BAR_GRACE_S,env,kernel/stale_data.go:50,string,"""""",n/a (env),(not set → code default),default,kernel/stale_data.go:50,stale-bar/working reaper knob,"n/a (env knob, no Studio control)",LIVE
STALE_CONFIRM_ATR,env,kernel/plan_confirm.go:81,string,"""""",n/a (env),(not set → code default),default,kernel/plan_confirm.go:81,stale-bar/working reaper knob,"n/a (env knob, no Studio control)",LIVE
STALE_DODGE,env,trader/discard_burn.go:43,string,"""""",n/a (env),(not set → code default),default,trader/discard_burn.go:43,stale-bar/working reaper knob,"n/a (env knob, no Studio control)",LIVE
STALE_REEVAL_DRIFT_ATR,env,trader/discard_burn.go:52,string,"""""",n/a (env),(not set → code default),default,trader/discard_burn.go:52,stale-bar/working reaper knob,"n/a (env knob, no Studio control)",LIVE
STOP_ENTRY_OFFSET_TICKS,env,kernel/entry_law.go:144,string,"""""",n/a (env),(not set → code default),default,kernel/entry_law.go:144,env knob,yes,LIVE
STOP_ENTRY_SEAM,env,kernel/entry_law.go:138,string,off (semantic default; ruling says OFF),n/a (env),on,E,kernel/entry_law.go:138,stop-entry placement seam — gate at armed_executor.go:1378; .env ON against the 2026-09-05 OFF ruling (P1-1),yes,CONFLICT
STRUCTURE_MIN_SWING_ATR,env,kernel/structure.go:68,string,"""""",n/a (env),(not set → code default),default,kernel/structure.go:68,structure-map knob,"n/a (env knob, no Studio control)",LIVE
STRUCTURE_MSS_BODY_ATR,env,kernel/structure.go:78,string,"""""",n/a (env),(not set → code default),default,kernel/structure.go:78,structure-map knob,"n/a (env knob, no Studio control)",LIVE
STRUCTURE_SWING_K,env,kernel/structure.go:58,string,"""""",n/a (env),(not set → code default),default,kernel/structure.go:58,structure-map knob,"n/a (env knob, no Studio control)",LIVE
TOUCH_APPROACH_BARS,env,kernel/touch_telemetry.go:61,string,"""""",n/a (env),(not set → code default),default,kernel/touch_telemetry.go:61,touch-telemetry knob,"n/a (env knob, no Studio control)",LIVE
TOUCH_BAND_TICKS,env,kernel/touch_telemetry.go:30,string,"""""",n/a (env),(not set → code default),default,kernel/touch_telemetry.go:30,touch-telemetry knob,"n/a (env knob, no Studio control)",LIVE
TOUCH_EPISODE_MAX_BARS,env,kernel/touch_telemetry.go:41,string,"""""",n/a (env),(not set → code default),default,kernel/touch_telemetry.go:41,touch-telemetry knob,"n/a (env knob, no Studio control)",LIVE
TOUCH_VOL_LOOKBACK,env,kernel/touch_telemetry.go:51,string,"""""",n/a (env),(not set → code default),default,kernel/touch_telemetry.go:51,touch-telemetry knob,"n/a (env knob, no Studio control)",LIVE
TRADING_MODE,env,config/config.go:220,string,"""crypto""",n/a (env),futures,E,config/config.go:220,crypto vs futures path selection (live futures),"n/a (env knob, no Studio control)",LIVE
TRANSITION_MAX_MIN,env,kernel/transition.go:27,string,"""""",n/a (env),(not set → code default),default,kernel/transition.go:27,transition standdown knob,"n/a (env knob, no Studio control)",LIVE
TRANSPORT_ENCRYPTION,env,config/config.go:194,string,"""""",n/a (env),false,E,config/config.go:194,env knob,"n/a (env knob, no Studio control)",LIVE
TWELVEDATA_API_KEY,env,config/config.go:207,string,"""""",n/a (env),(not set → code default),default,config/config.go:207,env knob,"n/a (env knob, no Studio control)",LIVE
TZ,env,internal/updaterworker/host_os.go:24,string,"""""",n/a (env),(not set → code default),default,internal/updaterworker/host_os.go:24,env knob,"n/a (env knob, no Studio control)",LIVE
UPDATE_GOLDEN,env,internal/updaterjob/golden_test.go:21,string,"""""",n/a (env),(not set → code default),default,internal/updaterjob/golden_test.go:21; kernel/futures_prompt_boxes_test.go:40; kernel/futures_prompt_plan_test.go:80; kernel/plan_header_mode_test.go:36; kernel/futures_prompt_keylevels_test.go:72; store/settings_truth_test.go:167,test-harness golden/replay knob,"n/a (env knob, no Studio control)",LIVE
VOID_SCOPE_BARS,env,kernel/void_scope.go:53,string,"""""",n/a (env),(not set → code default),default,kernel/void_scope.go:53,env knob,"n/a (env knob, no Studio control)",LIVE
WAVE_A_RECORD_MIGRATE,env,store/wave_a_migration.go:42,string,"""""",n/a (env),(not set → code default),default,store/wave_a_migration.go:42,env knob,"n/a (env knob, no Studio control)",LIVE
WEEKLY_CONFLUENCE_BAND_ATR,env,kernel/weekly_knobs.go:77,string,"""""",n/a (env),(not set → code default),default,kernel/weekly_knobs.go:77,weekly level counter knob,yes,LIVE
WEEKLY_COUNTER_MODE,env,kernel/weekly_knobs.go:99,string,"""""",n/a (env),(not set → code default),default,kernel/weekly_knobs.go:99,weekly level counter knob,"n/a (env knob, no Studio control)",LIVE
WEEKLY_INVALIDATION_TF_DEFAULT,env,kernel/weekly_knobs.go:111,string,"""""",n/a (env),(not set → code default),default,kernel/weekly_knobs.go:111,weekly level counter knob,"n/a (env knob, no Studio control)",LIVE
WEEKLY_READ_CT,env,kernel/weekly_knobs.go:25,string,"""""",n/a (env),(not set → code default),default,kernel/weekly_knobs.go:25,weekly level counter knob,yes,LIVE
WEEKLY_SHADOW_MULT,env,kernel/weekly_knobs.go:88,string,"""""",n/a (env),(not set → code default),default,kernel/weekly_knobs.go:88,weekly level counter knob,yes,LIVE
AIExecReasoning,system_config,config/config.go:141,string,"""""",n/a (config),(env rows carry live values),default,config/config.go:231,config.Config field loaded from env at boot (see env rows for the live value),n/a (system_config),LIVE
AIPlanReasoning,system_config,config/config.go:142,string,"""""",n/a (config),(env rows carry live values),default,config/config.go:232,config.Config field loaded from env at boot (see env rows for the live value),n/a (system_config),LIVE
APIServerHost,system_config,config/config.go:67,string,"""""",n/a (config),(env rows carry live values),default,api/server.go:50; config/config.go:151; config/config.go:185; main.go:668,config.Config field loaded from env at boot (see env rows for the live value),n/a (system_config),LIVE
APIServerPort,system_config,config/config.go:68,int,0,n/a (config),(env rows carry live values),default,config/config.go:152; config/config.go:177; main.go:668; telegram/bot.go:71; telegram/bot.go:93; telegram/bot.go:124; telegram/bot.go:166,config.Config field loaded from env at boot (see env rows for the live value),n/a (system_config),LIVE
AllowedNTAccounts,system_config,config/config.go:111,[]string,[],n/a (config),(env rows carry live values),default,api/handler_account.go:169; config/config.go:106; config/config.go:217; trader/ninjatrader/tcp_trader.go:506,config.Config field loaded from env at boot (see env rows for the live value),n/a (system_config),LIVE
AlpacaAPIKey,system_config,config/config.go:97,string,"""""",n/a (config),(env rows carry live values),default,config/config.go:205; provider/alpaca/kline.go:48,config.Config field loaded from env at boot (see env rows for the live value),n/a (system_config),LIVE
AlpacaSecretKey,system_config,config/config.go:98,string,"""""",n/a (config),(env rows carry live values),default,config/config.go:206; provider/alpaca/kline.go:49,config.Config field loaded from env at boot (see env rows for the live value),n/a (system_config),LIVE
DBHost,system_config,config/config.go:79,string,"""""",n/a (config),(env rows carry live values),default,config/config.go:157; config/config.go:252; main.go:94,config.Config field loaded from env at boot (see env rows for the live value),n/a (system_config),LIVE
DBName,system_config,config/config.go:83,string,"""""",n/a (config),(env rows carry live values),default,config/config.go:160; config/config.go:266; main.go:98; store/driver.go:30; store/driver.go:84; store/driver.go:213; store/gorm.go:109,config.Config field loaded from env at boot (see env rows for the live value),n/a (system_config),LIVE
DBPassword,system_config,config/config.go:82,string,"""""",n/a (config),(env rows carry live values),default,config/config.go:263; main.go:97,config.Config field loaded from env at boot (see env rows for the live value),n/a (system_config),LIVE
DBPath,system_config,config/config.go:73,string,"""""",n/a (config),(env rows carry live values),default,config/config.go:156; config/config.go:250; internal/holdcli/holdcli.go:34; internal/holdcli/holdcli.go:40; internal/installpath/installpath.go:25; internal/installpath/installpath.go:27; internal/installpath/installpath.go:68; internal/installpath/installpath.go:76; +21 more,config.Config field loaded from env at boot (see env rows for the live value),n/a (system_config),LIVE
DBPort,system_config,config/config.go:80,int,0,n/a (config),(env rows carry live values),default,config/config.go:158; config/config.go:256; main.go:95,config.Config field loaded from env at boot (see env rows for the live value),n/a (system_config),LIVE
DBSSLMode,system_config,config/config.go:84,string,"""""",n/a (config),(env rows carry live values),default,config/config.go:161; config/config.go:269; main.go:99,config.Config field loaded from env at boot (see env rows for the live value),n/a (system_config),LIVE
DBType,system_config,config/config.go:72,string,"""""",n/a (config),(env rows carry live values),default,cmd/levelstats-backfill/main.go:47; config/config.go:155; config/config.go:243; main.go:76; main.go:86; main.go:87; main.go:88; main.go:89; +30 more,config.Config field loaded from env at boot (see env rows for the live value),n/a (system_config),LIVE
DBUser,system_config,config/config.go:81,string,"""""",n/a (config),(env rows carry live values),default,config/config.go:159; config/config.go:260; main.go:96,config.Config field loaded from env at boot (see env rows for the live value),n/a (system_config),LIVE
DatabentoAPIKey,system_config,config/config.go:102,string,"""""",n/a (config),(env rows carry live values),default,config/config.go:210,config.Config field loaded from env at boot (see env rows for the live value),n/a (system_config),LIVE
ExperienceImprovement,system_config,config/config.go:94,bool,false,n/a (config),(env rows carry live values),default,config/config.go:153; config/config.go:201; config/config.go:275,config.Config field loaded from env at boot (see env rows for the live value),n/a (system_config),LIVE
FlipATRBuffer,system_config,config/config.go:136,float64,0,n/a (config),(env rows carry live values),default,config/config.go:132; config/config.go:229; kernel/plan_lifecycle.go:246; kernel/plan_lifecycle.go:284; kernel/plan_lifecycle.go:314; kernel/plan_lifecycle.go:337; kernel/plan_lifecycle.go:342; kernel/plan_lifecycle.go:344; +1 more,config.Config field loaded from env at boot (see env rows for the live value),n/a (system_config),LIVE
FlipConfirmCloses,system_config,config/config.go:137,int,0,n/a (config),(env rows carry live values),default,config/config.go:134; config/config.go:230; kernel/confirm_resolver.go:30; kernel/plan_lifecycle.go:295; kernel/plan_lifecycle.go:296; kernel/plan_lifecycle.go:329; kernel/plan_lifecycle.go:330; kernel/plan_lifecycle.go:353; +2 more,config.Config field loaded from env at boot (see env rows for the live value),n/a (system_config),LIVE
JWTSecret,system_config,config/config.go:69,string,"""""",n/a (config),(env rows carry live values),default,api/handler_updates.go:422; auth/auth.go:14; auth/auth.go:15; auth/auth.go:37; auth/auth.go:154; auth/auth.go:181; cmd/gate-jwt/main.go:67; config/config.go:39; +5 more,config.Config field loaded from env at boot (see env rows for the live value),n/a (system_config),LIVE
LimitCloseMarketAfterS,system_config,config/config.go:129,int,0,n/a (config),(env rows carry live values),default,config/config.go:127; config/config.go:227; manager/trader_manager.go:655; trader/auto_trader.go:338; trader/auto_trader.go:340; trader/auto_trader_clock.go:579; trader/auto_trader_clock.go:654; trader/auto_trader_clock.go:655,config.Config field loaded from env at boot (see env rows for the live value),n/a (system_config),LIVE
LimitCloseTicks,system_config,config/config.go:128,int,0,n/a (config),(env rows carry live values),default,config/config.go:125; config/config.go:226; manager/trader_manager.go:654; trader/auto_trader.go:335; trader/auto_trader.go:336; trader/auto_trader.go:339; trader/auto_trader_clock.go:574; trader/auto_trader_clock.go:576; +2 more,config.Config field loaded from env at boot (see env rows for the live value),n/a (system_config),LIVE
RiskMaxConcurrentTrades,system_config,config/config.go:120,int,0,n/a (config),(env rows carry live values),default,config/config.go:224; kernel/risk_limits.go:107,config.Config field loaded from env at boot (see env rows for the live value),n/a (system_config),LIVE
RiskMaxDailyLossUSD,system_config,config/config.go:119,float64,0,n/a (config),(env rows carry live values),default,config/config.go:223; kernel/risk_limits.go:106,config.Config field loaded from env at boot (see env rows for the live value),n/a (system_config),LIVE
RiskMaxNotionalUSD,system_config,config/config.go:121,float64,0,n/a (config),(env rows carry live values),default,config/config.go:236; kernel/engine_analysis.go:114; kernel/risk_limits.go:108,config.Config field loaded from env at boot (see env rows for the live value),n/a (system_config),LIVE
SandboxMode,system_config,config/config.go:78,bool,false,n/a (config),(env rows carry live values),default,api/handler_plan.go:1586; api/handler_plan.go:1591; api/handler_plan.go:2463; api/handler_plan.go:2473; api/sandbox.go:15; api/sandbox.go:16; api/server.go:722; config/config.go:74; +2 more,config.Config field loaded from env at boot (see env rows for the live value),n/a (system_config),LIVE
TradingMode,system_config,config/config.go:114,string,"""""",n/a (config),(env rows carry live values),default,api/handler_debug.go:25; api/handler_debug.go:113; api/handler_debug.go:150; api/strategy_effective.go:64; config/config.go:220; kernel/engine.go:1083; kernel/engine.go:1090; kernel/engine.go:1116; +5 more,config.Config field loaded from env at boot (see env rows for the live value),n/a (system_config),LIVE
TransportEncryption,system_config,config/config.go:89,bool,false,n/a (config),(env rows carry live values),default,api/crypto_handler.go:30; api/crypto_handler.go:39; api/crypto_handler.go:68; api/handler_ai_model.go:155; api/handler_ai_model.go:310; api/handler_exchange.go:171; api/handler_exchange.go:359; config/config.go:87; +1 more,config.Config field loaded from env at boot (see env rows for the live value),n/a (system_config),LIVE
TwelveDataKey,system_config,config/config.go:99,string,"""""",n/a (config),(env rows carry live values),default,config/config.go:207; provider/twelvedata/kline.go:80,config.Config field loaded from env at boot (see env rows for the live value),n/a (system_config),LIVE
NOFX_BACKEND_PORT,env,.env only (no reader anywhere),string,"""""",n/a (env),8080 (unread),E,NONE,no reader anywhere — the value changes nothing (P2-2 class),n/a (no reader),DEAD
NOFX_FRONTEND_PORT,env,.env only (no reader anywhere),string,"""""",n/a (env),3000 (unread),E,NONE,no reader anywhere — the value changes nothing (P2-2 class),n/a (no reader),DEAD
NOFX_TIMEZONE,env,.env only (no reader anywhere),string,"""""",n/a (env),UTC (unread),E,NONE,no reader anywhere — the value changes nothing (P2-2 class),n/a (no reader),DEAD
DATA_ENCRYPTION_KEY,env,crypto/crypto.go:29,string,"""""",n/a (env),<set>,E,crypto/crypto.go:29,read indirectly (const/envconfig) — see readers,n/a (env knob),LIVE
RSA_PRIVATE_KEY,env,crypto/crypto.go:30,string,"""""",n/a (env),<set>,E,crypto/crypto.go:30,read indirectly (const/envconfig) — see readers,n/a (env knob),LIVE
DATABENTO_DATASET,env,.env only (no reader anywhere),string,"""""",n/a (env),GLBX.MDP3 (unread),E,NONE,no reader anywhere — the value changes nothing (P2-2 class),n/a (no reader),DEAD
CLAW402_DEFAULT_MODEL,env,api/handler_onboarding.go:72 (Setenv — writer only),string,"""""",n/a (env),deepseek-v4-flash (unread),E,NONE,writer-only: the payment client uses const DefaultClaw402Model (P2-2),n/a (no reader),DEAD
NT_TRANSPORT,env,trader/ninjatrader/transport.go:25,string,"""""",n/a (env),tcp,E,trader/ninjatrader/transport.go:25,read indirectly (const/envconfig) — see readers,n/a (env knob),LIVE
